"table_name","table_id","field_id","old_name","current_name","field_type","is_primary","record_count","blank_count","nonblank_count","blank_ratio","proposed_name","action","dependency_risk","recommendation_reason"
"Admin Registry","tblFaJW1V2DPc9css","fldhyC1lbXosYYvjZ",,"created_at","dateTime","False","127","35","92","0.2756","created_at","protect_or_review","medium","Field has observed values or plausible current governance/provenance purpose; not safe for automatic rename recommendation."
"Admin Registry","tblFaJW1V2DPc9css","fldvtOp7TdnRBXadU",,"last_reviewed_at","dateTime","False","127","73","54","0.5748","last_reviewed_at","protect_or_review","medium","Field has observed values or plausible current governance/provenance purpose; not safe for automatic rename recommendation."
"Admin Registry","tblFaJW1V2DPc9css","fldIalyqS4gEDHbtc",,"notes","multilineText","False","127","0","127","0","notes","protect_or_review","medium","Field has observed values or plausible current governance/provenance purpose; not safe for automatic rename recommendation."
"Admin Registry","tblFaJW1V2DPc9css","fldg3LmiZe61JyIMp",,"object_name","singleLineText","False","127","0","127","0","object_name","protect_or_review","medium","Field has observed values or plausible current governance/provenance purpose; not safe for automatic rename recommendation."
"Admin Registry","tblFaJW1V2DPc9css","flddxw1jHHZuXdRuA",,"object_type","singleSelect","False","127","13","114","0.1024","object_type","protect_or_review","medium","Field has observed values or plausible current governance/provenance purpose; not safe for automatic rename recommendation."
"Admin Registry","tblFaJW1V2DPc9css","fldFrgaZ2b1yqiVPi",,"owning_table","singleLineText","False","127","0","127","0","owning_table","protect_or_review","medium","Field has observed values or plausible current governance/provenance purpose; not safe for automatic rename recommendation."
"Admin Registry","tblFaJW1V2DPc9css","fldWvo4S23CwPnid0",,"registry_key","singleLineText","True","127","0","127","0","registry_key","protect","high","Primary, formula, linked, or system-derived field; do not rename in aggressive legacy pass without dedicated dependency review."
"Admin Registry","tblFaJW1V2DPc9css","fldrXNA9ihR5bIJoh",,"retention_class","singleSelect","False","127","0","127","0","retention_class","protect_or_review","medium","Field has observed values or plausible current governance/provenance purpose; not safe for automatic rename recommendation."
"Admin Registry","tblFaJW1V2DPc9css","fldoy2bD0o6DHlwCd",,"review_after","date","False","127","32","95","0.252","review_after","protect_or_review","medium","Field has observed values or plausible current governance/provenance purpose; not safe for automatic rename recommendation."
"Admin Registry","tblFaJW1V2DPc9css","fldsjx2lBQJJsdBoa",,"status","singleSelect","False","127","0","127","0","status","protect_or_review","medium","Field has observed values or plausible current governance/provenance purpose; not safe for automatic rename recommendation."
"Admin Registry","tblFaJW1V2DPc9css","fldU7MsB6PyUch6H1",,"updated_at","dateTime","False","127","32","95","0.252","updated_at","protect_or_review","medium","Field has observed values or plausible current governance/provenance purpose; not safe for automatic rename recommendation."
"DCOIR Cleanup Scaffold Registry","tblvtcId7PiFKvfKO","fldkqvHbdb30pCPJb",,"created_locator","singleLineText","False","0","0","0",,"created_locator","table_empty_review","medium","Table has zero exported records; field-level rename should wait for table/scaffold disposition rather than infer per-field retirement."
"DCOIR Cleanup Scaffold Registry","tblvtcId7PiFKvfKO","fldypiTz3N1dBIfk9",,"created_surface","singleLineText","False","0","0","0",,"created_surface","table_empty_review","medium","Table has zero exported records; field-level rename should wait for table/scaffold disposition rather than infer per-field retirement."
"DCOIR Cleanup Scaffold Registry","tblvtcId7PiFKvfKO","flduyr5lvHAtwhrJd",,"final_disposition","singleSelect","False","0","0","0",,"final_disposition","table_empty_review","medium","Table has zero exported records; field-level rename should wait for table/scaffold disposition rather than infer per-field retirement."
"DCOIR Cleanup Scaffold Registry","tblvtcId7PiFKvfKO","fldkYJX6QGOrpPR7K",,"notes","multilineText","False","0","0","0",,"notes","table_empty_review","medium","Table has zero exported records; field-level rename should wait for table/scaffold disposition rather than infer per-field retirement."
"DCOIR Cleanup Scaffold Registry","tblvtcId7PiFKvfKO","fldR2HGAtC55Ss4Ri",,"plan_key","singleLineText","False","0","0","0",,"plan_key","table_empty_review","medium","Table has zero exported records; field-level rename should wait for table/scaffold disposition rather than infer per-field retirement."
"DCOIR Cleanup Scaffold Registry","tblvtcId7PiFKvfKO","flddBvbBqkOZeymHo",,"purpose","multilineText","False","0","0","0",,"purpose","table_empty_review","medium","Table has zero exported records; field-level rename should wait for table/scaffold disposition rather than infer per-field retirement."
"DCOIR Cleanup Scaffold Registry","tblvtcId7PiFKvfKO","fldLxQJcSQCwuw6O0",,"review_after","date","False","0","0","0",,"review_after","table_empty_review","medium","Table has zero exported records; field-level rename should wait for table/scaffold disposition rather than infer per-field retirement."
"DCOIR Cleanup Scaffold Registry","tblvtcId7PiFKvfKO","fldaBJ8P6m2ARMoLz",,"scaffold_key","singleLineText","True","0","0","0",,"scaffold_key","protect","high","Primary, formula, linked, or system-derived field; do not rename in aggressive legacy pass without dedicated dependency review."
"DCOIR Cleanup Scaffold Registry","tblvtcId7PiFKvfKO","fld45yLe1QIoXgZE3",,"scaffold_name","singleLineText","False","0","0","0",,"scaffold_name","table_empty_review","medium","Table has zero exported records; field-level rename should wait for table/scaffold disposition rather than infer per-field retirement."
"DCOIR Cleanup Scaffold Registry","tblvtcId7PiFKvfKO","fldIHPy7ApnjSCeIl",,"scaffold_type","singleSelect","False","0","0","0",,"scaffold_type","table_empty_review","medium","Table has zero exported records; field-level rename should wait for table/scaffold disposition rather than infer per-field retirement."
"DCOIR Cleanup Scaffold Registry","tblvtcId7PiFKvfKO","fldfAXpeTuN5M2QRS",,"status","singleSelect","False","0","0","0",,"status","table_empty_review","medium","Table has zero exported records; field-level rename should wait for table/scaffold disposition rather than infer per-field retirement."
"DCOIR Cleanup WBS","tblRxTmpW0VunQlUK","fld3IwH6VYmFqnywU",,"context","multilineText","False","73","0","73","0","context","protect_or_review","medium","Field has observed values or plausible current governance/provenance purpose; not safe for automatic rename recommendation."
"DCOIR Cleanup WBS","tblRxTmpW0VunQlUK","fldNRKXl6S4DtQYl9",,"display_label","formula","False","73","0","73","0","display_label","protect","high","Primary, formula, linked, or system-derived field; do not rename in aggressive legacy pass without dedicated dependency review."
"DCOIR Cleanup WBS","tblRxTmpW0VunQlUK","fldkRdSblu5KLeqch",,"done_criteria","multilineText","False","73","0","73","0","done_criteria","protect_or_review","medium","Field has observed values or plausible current governance/provenance purpose; not safe for automatic rename recommendation."
"DCOIR Cleanup WBS","tblRxTmpW0VunQlUK","fldW9aLKqVnENDY4Q",,"gate","singleSelect","False","73","0","73","0","gate","protect_or_review","medium","Field has observed values or plausible current governance/provenance purpose; not safe for automatic rename recommendation."
"DCOIR Cleanup WBS","tblRxTmpW0VunQlUK","fldf9wxS1NQ4zETgi",,"level","singleSelect","False","73","0","73","0","level","protect_or_review","medium","Field has observed values or plausible current governance/provenance purpose; not safe for automatic rename recommendation."
"DCOIR Cleanup WBS","tblRxTmpW0VunQlUK","fldxbbxdH7Mdishkr",,"parent_wbs_key","singleLineText","False","73","14","59","0.1918","parent_wbs_key","protect_or_review","medium","Field has observed values or plausible current governance/provenance purpose; not safe for automatic rename recommendation."
"DCOIR Cleanup WBS","tblRxTmpW0VunQlUK","fldKoseZ9P1hPUzgh",,"plan_key","singleLineText","False","73","0","73","0","plan_key","protect_or_review","medium","Field has observed values or plausible current governance/provenance purpose; not safe for automatic rename recommendation."
"DCOIR Cleanup WBS","tblRxTmpW0VunQlUK","fldykxehl6sMTigk4",,"rank","number","False","73","0","73","0","rank","protect_or_review","medium","Field has observed values or plausible current governance/provenance purpose; not safe for automatic rename recommendation."
"DCOIR Cleanup WBS","tblRxTmpW0VunQlUK","flds2ogisonqEFdwd",,"review_after","date","False","73","72","1","0.9863","review_after","protect_or_review","medium","Field has observed values or plausible current governance/provenance purpose; not safe for automatic rename recommendation."
"DCOIR Cleanup WBS","tblRxTmpW0VunQlUK","fldBlzFZdvzMsovDJ",,"search_text","formula","False","73","0","73","0","search_text","protect","high","Primary, formula, linked, or system-derived field; do not rename in aggressive legacy pass without dedicated dependency review."
"DCOIR Cleanup WBS","tblRxTmpW0VunQlUK","fld627GL9W2hnoDa5",,"state","singleSelect","False","73","0","73","0","state","protect_or_review","medium","Field has observed values or plausible current governance/provenance purpose; not safe for automatic rename recommendation."
"DCOIR Cleanup WBS","tblRxTmpW0VunQlUK","fldLu2C5uWd7yYEb4",,"surface","singleSelect","False","73","0","73","0","surface","protect_or_review","medium","Field has observed values or plausible current governance/provenance purpose; not safe for automatic rename recommendation."
"DCOIR Cleanup WBS","tblRxTmpW0VunQlUK","fldXVwq1qFrDeK4eO",,"target","singleLineText","False","73","0","73","0","target","protect_or_review","medium","Field has observed values or plausible current governance/provenance purpose; not safe for automatic rename recommendation."
"DCOIR Cleanup WBS","tblRxTmpW0VunQlUK","fldjutcnESO7o1XQv",,"title","singleLineText","False","73","0","73","0","title","protect_or_review","medium","Field has observed values or plausible current governance/provenance purpose; not safe for automatic rename recommendation."
"DCOIR Cleanup WBS","tblRxTmpW0VunQlUK","fldBWgf90H3Ja8kQU",,"validation_notes","multilineText","False","73","0","73","0","validation_notes","protect_or_review","medium","Field has observed values or plausible current governance/provenance purpose; not safe for automatic rename recommendation."
"DCOIR Cleanup WBS","tblRxTmpW0VunQlUK","fldxysOTwPhA0fk9b",,"wbs_key","singleLineText","True","73","0","73","0","wbs_key","protect","high","Primary, formula, linked, or system-derived field; do not rename in aggressive legacy pass without dedicated dependency review."
"DCOIR Cleanup WBS","tblRxTmpW0VunQlUK","fldUcO6yamUW9Yr0R",,"wbs_path","singleLineText","False","73","0","73","0","wbs_path","protect_or_review","medium","Field has observed values or plausible current governance/provenance purpose; not safe for automatic rename recommendation."
"DCOIR Lifecycle Ledger","tblNsjkGUUIdRpHuE","fldTdi6UQmIUJkXDE",,"created_at","dateTime","False","35","0","35","0","created_at","protect_or_review","medium","Field has observed values or plausible current governance/provenance purpose; not safe for automatic rename recommendation."
"DCOIR Lifecycle Ledger","tblNsjkGUUIdRpHuE","fld1HWFI97H1M1ljH",,"event_at","dateTime","False","35","0","35","0","event_at","protect_or_review","medium","Field has observed values or plausible current governance/provenance purpose; not safe for automatic rename recommendation."
"DCOIR Lifecycle Ledger","tblNsjkGUUIdRpHuE","fldan2IfSl6NUJbre",,"event_key","singleLineText","True","35","0","35","0","event_key","protect","high","Primary, formula, linked, or system-derived field; do not rename in aggressive legacy pass without dedicated dependency review."
"DCOIR Lifecycle Ledger","tblNsjkGUUIdRpHuE","fldCWFMJfTQpVKfRz",,"event_summary","multilineText","False","35","0","35","0","event_summary","protect_or_review","medium","Field has observed values or plausible current governance/provenance purpose; not safe for automatic rename recommendation."
"DCOIR Lifecycle Ledger","tblNsjkGUUIdRpHuE","fld6eqmAUYcckufGW",,"event_title","singleLineText","False","35","0","35","0","event_title","protect_or_review","medium","Field has observed values or plausible current governance/provenance purpose; not safe for automatic rename recommendation."
"DCOIR Lifecycle Ledger","tblNsjkGUUIdRpHuE","fldmjyUUvmuhdjVqt",,"lifecycle_object_type","singleSelect","False","35","0","35","0","lifecycle_object_type","protect_or_review","medium","Field has observed values or plausible current governance/provenance purpose; not safe for automatic rename recommendation."
"DCOIR Lifecycle Ledger","tblNsjkGUUIdRpHuE","fldi4yVheKgg8xwNa",,"lifecycle_stage","singleSelect","False","35","0","35","0","lifecycle_stage","protect_or_review","medium","Field has observed values or plausible current governance/provenance purpose; not safe for automatic rename recommendation."
"DCOIR Lifecycle Ledger","tblNsjkGUUIdRpHuE","fldIFohnL2jBl20U6",,"migration_status","singleSelect","False","35","0","35","0","migration_status","protect_or_review","medium","Field has observed values or plausible current governance/provenance purpose; not safe for automatic rename recommendation."
"DCOIR Lifecycle Ledger","tblNsjkGUUIdRpHuE","fldX6hpz9jSW5E0yo",,"payload_json","multilineText","False","35","12","23","0.3429","payload_json","protect_or_review","medium","Field has observed values or plausible current governance/provenance purpose; not safe for automatic rename recommendation."
"DCOIR Lifecycle Ledger","tblNsjkGUUIdRpHuE","fldfrl84PTHLzqFub",,"retention_class","singleSelect","False","35","0","35","0","retention_class","protect_or_review","medium","Field has observed values or plausible current governance/provenance purpose; not safe for automatic rename recommendation."
"DCOIR Lifecycle Ledger","tblNsjkGUUIdRpHuE","fldzHtFYirKcF1VC9",,"source_primary_key","singleLineText","False","35","0","35","0","source_primary_key","protect_or_review","medium","Field has observed values or plausible current governance/provenance purpose; not safe for automatic rename recommendation."
"DCOIR Lifecycle Ledger","tblNsjkGUUIdRpHuE","fldYjWKeshXjIhk01",,"source_record_id","singleLineText","False","35","11","24","0.3143","source_record_id","protect_or_review","medium","Field has observed values or plausible current governance/provenance purpose; not safe for automatic rename recommendation."
"DCOIR Lifecycle Ledger","tblNsjkGUUIdRpHuE","fld3eMKRitqiB7UCI",,"source_table","singleLineText","False","35","0","35","0","source_table","protect_or_review","medium","Field has observed values or plausible current governance/provenance purpose; not safe for automatic rename recommendation."
"dcoir-decision-policy","tblKHVXq16Xd5I31m","fldaI0qVtfNZqfXNe",,"approved_rule","multilineText","False","10","0","10","0","approved_rule","protect_or_review","medium","Field has observed values or plausible current governance/provenance purpose; not safe for automatic rename recommendation."
"dcoir-decision-policy","tblKHVXq16Xd5I31m","fld8KpTjiymqouo9I",,"created_at","dateTime","False","10","2","8","0.2","created_at","protect_or_review","medium","Field has observed values or plausible current governance/provenance purpose; not safe for automatic rename recommendation."
"dcoir-decision-policy","tblKHVXq16Xd5I31m","fldo00PUkXIaZY7uW",,"decision_entry_id","singleLineText","True","10","0","10","0","decision_entry_id","protect","high","Primary, formula, linked, or system-derived field; do not rename in aggressive legacy pass without dedicated dependency review."
"dcoir-decision-policy","tblKHVXq16Xd5I31m","fldoBBSWp7jVlY4mv",,"decision_family","singleSelect","False","10","1","9","0.1","decision_family","protect_or_review","medium","Field has observed values or plausible current governance/provenance purpose; not safe for automatic rename recommendation."
"dcoir-decision-policy","tblKHVXq16Xd5I31m","fldyDa0iTDGtNaM8g",,"last_confirmed_text","singleLineText","False","10","0","10","0","last_confirmed_text","protect_or_review","medium","Field has observed values or plausible current governance/provenance purpose; not safe for automatic rename recommendation."
"dcoir-decision-policy","tblKHVXq16Xd5I31m","fldv90HCZZxBtf1h9",,"packaging_impact","multilineText","False","10","0","10","0","packaging_impact","protect_or_review","medium","Field has observed values or plausible current governance/provenance purpose; not safe for automatic rename recommendation."
"dcoir-decision-policy","tblKHVXq16Xd5I31m","fldH6sRkVniEBFlv4",,"retention_class","singleSelect","False","10","0","10","0","retention_class","protect_or_review","medium","Field has observed values or plausible current governance/provenance purpose; not safe for automatic rename recommendation."
"dcoir-decision-policy","tblKHVXq16Xd5I31m","fldYK2cbss0i0yLOr",,"review_after","date","False","10","1","9","0.1","review_after","protect_or_review","medium","Field has observed values or plausible current governance/provenance purpose; not safe for automatic rename recommendation."
"dcoir-decision-policy","tblKHVXq16Xd5I31m","fld664vtczpgPDTcD",,"situational_rule","multilineText","False","10","0","10","0","situational_rule","protect_or_review","medium","Field has observed values or plausible current governance/provenance purpose; not safe for automatic rename recommendation."
"dcoir-decision-policy","tblKHVXq16Xd5I31m","fldHSC3jjNb79NBfO",,"source_basis","multilineText","False","10","0","10","0","source_basis","protect_or_review","medium","Field has observed values or plausible current governance/provenance purpose; not safe for automatic rename recommendation."
"dcoir-decision-policy","tblKHVXq16Xd5I31m","fldBSLZkxHkvdWfs3",,"status","singleSelect","False","10","0","10","0","status","protect_or_review","medium","Field has observed values or plausible current governance/provenance purpose; not safe for automatic rename recommendation."
"dcoir-decision-policy","tblKHVXq16Xd5I31m","fld2RX09cikd9yAgR",,"updated_at","dateTime","False","10","2","8","0.2","updated_at","protect_or_review","medium","Field has observed values or plausible current governance/provenance purpose; not safe for automatic rename recommendation."
"dcoir-decision-policy","tblKHVXq16Xd5I31m","fldHsGII6M314rMo3",,"workflow_impact","multilineText","False","10","0","10","0","workflow_impact","protect_or_review","medium","Field has observed values or plausible current governance/provenance purpose; not safe for automatic rename recommendation."
"dcoir-memory-preflight","tblcNNuKqi8IkFsSQ","fldO1vEnBL2Yhuvm7",,"anti_patterns","multilineText","False","29","0","29","0","anti_patterns","protect_or_review","medium","Field has observed values or plausible current governance/provenance purpose; not safe for automatic rename recommendation."
"dcoir-memory-preflight","tblcNNuKqi8IkFsSQ","fldSWtvOK7mNAkTeO",,"buffered_candidate","multilineText","False","29","0","29","0","buffered_candidate","protect_or_review","medium","Field has observed values or plausible current governance/provenance purpose; not safe for automatic rename recommendation."
"dcoir-memory-preflight","tblcNNuKqi8IkFsSQ","fldvM5eJi6Cg1nxDo",,"consulted_records","multilineText","False","29","3","26","0.1034","consulted_records","protect_or_review","medium","Field has observed values or plausible current governance/provenance purpose; not safe for automatic rename recommendation."
"dcoir-memory-preflight","tblcNNuKqi8IkFsSQ","fldipvMJdEJuHiaYP",,"created_at","dateTime","False","29","7","22","0.2414","created_at","protect_or_review","medium","Field has observed values or plausible current governance/provenance purpose; not safe for automatic rename recommendation."
"dcoir-memory-preflight","tblcNNuKqi8IkFsSQ","fldEG5XzJh9z0E4Rt",,"invocation_mode","singleSelect","False","29","11","18","0.3793","invocation_mode","protect_or_review","medium","Field has observed values or plausible current governance/provenance purpose; not safe for automatic rename recommendation."
"dcoir-memory-preflight","tblcNNuKqi8IkFsSQ","fld1BaL5xOzcsNC0b",,"last_confirmed_text","singleLineText","False","29","0","29","0","last_confirmed_text","protect_or_review","medium","Field has observed values or plausible current governance/provenance purpose; not safe for automatic rename recommendation."
"dcoir-memory-preflight","tblcNNuKqi8IkFsSQ","fldCWhMISlxjhfRgt",,"memory_entry_id","singleLineText","True","29","0","29","0","memory_entry_id","protect","high","Primary, formula, linked, or system-derived field; do not rename in aggressive legacy pass without dedicated dependency review."
"dcoir-memory-preflight","tblcNNuKqi8IkFsSQ","fldEG3hKpPFXjLKW6",,"preconditions","multilineText","False","29","0","29","0","preconditions","protect_or_review","medium","Field has observed values or plausible current governance/provenance purpose; not safe for automatic rename recommendation."
"dcoir-memory-preflight","tblcNNuKqi8IkFsSQ","fldrLg8uOgPl6CHSx",,"required_verification","multilineText","False","29","0","29","0","required_verification","protect_or_review","medium","Field has observed values or plausible current governance/provenance purpose; not safe for automatic rename recommendation."
"dcoir-memory-preflight","tblcNNuKqi8IkFsSQ","fldtjVIBDb2KebCeH",,"retention_class","singleSelect","False","29","0","29","0","retention_class","protect_or_review","medium","Field has observed values or plausible current governance/provenance purpose; not safe for automatic rename recommendation."
"dcoir-memory-preflight","tblcNNuKqi8IkFsSQ","fldo6Uyl76ChI5uwd",,"review_after","date","False","29","3","26","0.1034","review_after","protect_or_review","medium","Field has observed values or plausible current governance/provenance purpose; not safe for automatic rename recommendation."
"dcoir-memory-preflight","tblcNNuKqi8IkFsSQ","fldCCgIRZe3GJtqSy",,"selected_lane","singleLineText","False","29","0","29","0","selected_lane","protect_or_review","medium","Field has observed values or plausible current governance/provenance purpose; not safe for automatic rename recommendation."
"dcoir-memory-preflight","tblcNNuKqi8IkFsSQ","fldM7jkNeUM03MDpg",,"status","singleSelect","False","29","0","29","0","status","protect_or_review","medium","Field has observed values or plausible current governance/provenance purpose; not safe for automatic rename recommendation."
"dcoir-memory-preflight","tblcNNuKqi8IkFsSQ","fld4YP1bJ5Gtxfgis",,"task_family","singleSelect","False","29","12","17","0.4138","task_family","protect_or_review","medium","Field has observed values or plausible current governance/provenance purpose; not safe for automatic rename recommendation."
"dcoir-memory-preflight","tblcNNuKqi8IkFsSQ","fldo6bm7xGMXB6P6E",,"updated_at","dateTime","False","29","7","22","0.2414","updated_at","protect_or_review","medium","Field has observed values or plausible current governance/provenance purpose; not safe for automatic rename recommendation."
"dcoir-validation-orchestrator","tbls9O1B0Rs8YvTAj","fldu90QetmVAGMPg7",,"active_validation_plan","multilineText","False","6","0","6","0","active_validation_plan","protect_or_review","medium","Field has observed values or plausible current governance/provenance purpose; not safe for automatic rename recommendation."
"dcoir-validation-orchestrator","tbls9O1B0Rs8YvTAj","fldkHJlkJs4ayOjH2",,"created_at","dateTime","False","6","1","5","0.1667","created_at","protect_or_review","medium","Field has observed values or plausible current governance/provenance purpose; not safe for automatic rename recommendation."
"dcoir-validation-orchestrator","tbls9O1B0Rs8YvTAj","fldM9FoBQuFxkRtke",,"evidence_threshold","multilineText","False","6","0","6","0","evidence_threshold","protect_or_review","medium","Field has observed values or plausible current governance/provenance purpose; not safe for automatic rename recommendation."
"dcoir-validation-orchestrator","tbls9O1B0Rs8YvTAj","fldUda6eDNofM1uJz",,"last_confirmed_text","singleLineText","False","6","0","6","0","last_confirmed_text","protect_or_review","medium","Field has observed values or plausible current governance/provenance purpose; not safe for automatic rename recommendation."
"dcoir-validation-orchestrator","tbls9O1B0Rs8YvTAj","fldJoGbCSFMhaJcXm",,"live_readiness_gate","multilineText","False","6","0","6","0","live_readiness_gate","protect_or_review","medium","Field has observed values or plausible current governance/provenance purpose; not safe for automatic rename recommendation."
"dcoir-validation-orchestrator","tbls9O1B0Rs8YvTAj","fldcowj0yJ4FehXvs",,"next_action","multilineText","False","6","0","6","0","next_action","protect_or_review","medium","Field has observed values or plausible current governance/provenance purpose; not safe for automatic rename recommendation."
"dcoir-validation-orchestrator","tbls9O1B0Rs8YvTAj","fldbRVqoWt9fjR7o5",,"retention_class","singleSelect","False","6","0","6","0","retention_class","protect_or_review","medium","Field has observed values or plausible current governance/provenance purpose; not safe for automatic rename recommendation."
"dcoir-validation-orchestrator","tbls9O1B0Rs8YvTAj","fldKlyzAcj7Q5kEI4",,"review_after","date","False","6","1","5","0.1667","review_after","protect_or_review","medium","Field has observed values or plausible current governance/provenance purpose; not safe for automatic rename recommendation."
"dcoir-validation-orchestrator","tbls9O1B0Rs8YvTAj","fldzOLipJQKiCcW4m",,"status","singleSelect","False","6","0","6","0","status","protect_or_review","medium","Field has observed values or plausible current governance/provenance purpose; not safe for automatic rename recommendation."
"dcoir-validation-orchestrator","tbls9O1B0Rs8YvTAj","fldl8hJwbfTd6CIqf",,"unresolved_gap","multilineText","False","6","0","6","0","unresolved_gap","protect_or_review","medium","Field has observed values or plausible current governance/provenance purpose; not safe for automatic rename recommendation."
"dcoir-validation-orchestrator","tbls9O1B0Rs8YvTAj","fldk4YCtGhqG7WSXX",,"updated_at","dateTime","False","6","1","5","0.1667","updated_at","protect_or_review","medium","Field has observed values or plausible current governance/provenance purpose; not safe for automatic rename recommendation."
"dcoir-validation-orchestrator","tbls9O1B0Rs8YvTAj","fld3zLfGs468eOrai",,"validation_entry_id","singleLineText","True","6","0","6","0","validation_entry_id","protect","high","Primary, formula, linked, or system-derived field; do not rename in aggressive legacy pass without dedicated dependency review."
"dcoir-validation-orchestrator","tbls9O1B0Rs8YvTAj","fldyAQecWjCgKB2ix",,"validation_scope","multipleSelects","False","6","2","4","0.3333","validation_scope","protect_or_review","medium","Field has observed values or plausible current governance/provenance purpose; not safe for automatic rename recommendation."
"Gemini Research Reference","tblfZnARJxcMJ0yHW","fld1BQvq7DG5o9iUR",,"active","checkbox","False","76","0","76","0","active","protect_or_review","medium","Field has observed values or plausible current governance/provenance purpose; not safe for automatic rename recommendation."
"Gemini Research Reference","tblfZnARJxcMJ0yHW","fldPon259A7P8IZar",,"consult_when","multilineText","False","76","0","76","0","consult_when","protect_or_review","medium","Field has observed values or plausible current governance/provenance purpose; not safe for automatic rename recommendation."
"Gemini Research Reference","tblfZnARJxcMJ0yHW","fldfhiYkFhZWadt03",,"created_at","dateTime","False","76","0","76","0","created_at","protect_or_review","medium","Field has observed values or plausible current governance/provenance purpose; not safe for automatic rename recommendation."
"Gemini Research Reference","tblfZnARJxcMJ0yHW","fldBEZ6Yf0QgfSGCI",,"dcoir_gemini_lanes","multipleSelects","False","76","4","72","0.0526","dcoir_gemini_lanes","protect_or_review","medium","Field has observed values or plausible current governance/provenance purpose; not safe for automatic rename recommendation."
"Gemini Research Reference","tblfZnARJxcMJ0yHW","fldceAbvUbG42Qo9K",,"design_impact","multilineText","False","76","0","76","0","design_impact","protect_or_review","medium","Field has observed values or plausible current governance/provenance purpose; not safe for automatic rename recommendation."
"Gemini Research Reference","tblfZnARJxcMJ0yHW","fldM1YyGfuDsqNKLm",,"evidence_class","singleSelect","False","76","4","72","0.0526","evidence_class","protect_or_review","medium","Field has observed values or plausible current governance/provenance purpose; not safe for automatic rename recommendation."
"Gemini Research Reference","tblfZnARJxcMJ0yHW","fldGLs65ATp15iGfO",,"finding_key","singleLineText","True","76","0","76","0","finding_key","protect","high","Primary, formula, linked, or system-derived field; do not rename in aggressive legacy pass without dedicated dependency review."
"Gemini Research Reference","tblfZnARJxcMJ0yHW","fld8nTNL99aiCMSyq",,"finding_summary","multilineText","False","76","0","76","0","finding_summary","protect_or_review","medium","Field has observed values or plausible current governance/provenance purpose; not safe for automatic rename recommendation."
"Gemini Research Reference","tblfZnARJxcMJ0yHW","fldH0t18dHVNkfTrA",,"legacy_research_batch__do_not_use","singleLineText","False","76","0","76","0","legacy_research_batch_review","rename_candidate","medium","Name contains double-underscore or do-not-use marker; normalize to WBS06 single-underscore legacy review convention."
"Gemini Research Reference","tblfZnARJxcMJ0yHW","fld76GQAQ03B1sQW8",,"research_batch_select","singleSelect","False","76","0","76","0","research_batch_select","protect_or_review","medium","Field has observed values or plausible current governance/provenance purpose; not safe for automatic rename recommendation."
"Gemini Research Reference","tblfZnARJxcMJ0yHW","fldtJXiABITIQ7ERY",,"retention_class","singleSelect","False","76","0","76","0","retention_class","protect_or_review","medium","Field has observed values or plausible current governance/provenance purpose; not safe for automatic rename recommendation."
"Gemini Research Reference","tblfZnARJxcMJ0yHW","fldE1mYfn4SPMvwz0",,"review_after","date","False","76","0","76","0","review_after","protect_or_review","medium","Field has observed values or plausible current governance/provenance purpose; not safe for automatic rename recommendation."
"Gemini Research Reference","tblfZnARJxcMJ0yHW","fldqIFVWdW5stmfUZ",,"source_basis","multilineText","False","76","0","76","0","source_basis","protect_or_review","medium","Field has observed values or plausible current governance/provenance purpose; not safe for automatic rename recommendation."
"Gemini Research Reference","tblfZnARJxcMJ0yHW","fldFlFkbBzoPxDsHb",,"surface_layers","multipleSelects","False","76","4","72","0.0526","surface_layers","protect_or_review","medium","Field has observed values or plausible current governance/provenance purpose; not safe for automatic rename recommendation."
"Gemini Research Reference","tblfZnARJxcMJ0yHW","fldh60UrFOdx2Yxif",,"topic","singleSelect","False","76","4","72","0.0526","topic","protect_or_review","medium","Field has observed values or plausible current governance/provenance purpose; not safe for automatic rename recommendation."
"Gemini Research Reference","tblfZnARJxcMJ0yHW","fldibxaCxGKp8KcH8",,"updated_at","dateTime","False","76","0","76","0","updated_at","protect_or_review","medium","Field has observed values or plausible current governance/provenance purpose; not safe for automatic rename recommendation."
"GitHub Workflow Inventory","tblHTf5bLKGK1Yk11","fldeUhR746eIPzqHM",,"active","checkbox","False","24","0","24","0","active","protect_or_review","medium","Field has observed values or plausible current governance/provenance purpose; not safe for automatic rename recommendation."
"GitHub Workflow Inventory","tblHTf5bLKGK1Yk11","fldo3dDxCj99CX9cT",,"cache_scope","singleSelect","False","24","0","24","0","cache_scope","protect_or_review","medium","Field has observed values or plausible current governance/provenance purpose; not safe for automatic rename recommendation."
"GitHub Workflow Inventory","tblHTf5bLKGK1Yk11","fld01gNq1B7F12kdh",,"created_at","dateTime","False","24","0","24","0","created_at","protect_or_review","medium","Field has observed values or plausible current governance/provenance purpose; not safe for automatic rename recommendation."
"GitHub Workflow Inventory","tblHTf5bLKGK1Yk11","fldcHZ83PpVZ3CH3x",,"dispatch_inputs_summary","multilineText","False","24","0","24","0","dispatch_inputs_summary","protect_or_review","medium","Field has observed values or plausible current governance/provenance purpose; not safe for automatic rename recommendation."
"GitHub Workflow Inventory","tblHTf5bLKGK1Yk11","fldZ3VbrmXoyD616A",,"display_label","formula","False","24","0","24","0","display_label","protect","high","Primary, formula, linked, or system-derived field; do not rename in aggressive legacy pass without dedicated dependency review."
"GitHub Workflow Inventory","tblHTf5bLKGK1Yk11","fldNGAE9cbd9YSYzz",,"do_not_use_when","multilineText","False","24","0","24","0","legacy_do_not_use_when_review","rename_candidate","medium","Name contains double-underscore or do-not-use marker; normalize to WBS06 single-underscore legacy review convention."
"GitHub Workflow Inventory","tblHTf5bLKGK1Yk11","fldnGuhX7a0PUSRWc",,"maintenance_notes","multilineText","False","24","0","24","0","maintenance_notes","protect_or_review","medium","Field has observed values or plausible current governance/provenance purpose; not safe for automatic rename recommendation."
"GitHub Workflow Inventory","tblHTf5bLKGK1Yk11","fldyltqpE8yeCz5sX",,"readback_summary","multilineText","False","24","0","24","0","readback_summary","protect_or_review","medium","Field has observed values or plausible current governance/provenance purpose; not safe for automatic rename recommendation."
"GitHub Workflow Inventory","tblHTf5bLKGK1Yk11","fldA6O7FlW9tUEFW5",,"repo_path","singleLineText","False","24","0","24","0","repo_path","protect_or_review","medium","Field has observed values or plausible current governance/provenance purpose; not safe for automatic rename recommendation."
"GitHub Workflow Inventory","tblHTf5bLKGK1Yk11","fldN6NFgv7HUCROH0",,"retention_class","singleSelect","False","24","0","24","0","retention_class","protect_or_review","medium","Field has observed values or plausible current governance/provenance purpose; not safe for automatic rename recommendation."
"GitHub Workflow Inventory","tblHTf5bLKGK1Yk11","fldhfcwoRfNHkL1ya",,"review_after","date","False","24","24","0","1","legacy_review_after_review","rename_candidate","medium","Field is fully blank in current full-record export and name does not obviously carry protected governance/provenance meaning."
"GitHub Workflow Inventory","tblHTf5bLKGK1Yk11","fldr293ymxflSjihZ",,"routing_owner_skill","singleSelect","False","24","0","24","0","routing_owner_skill","protect_or_review","medium","Field has observed values or plausible current governance/provenance purpose; not safe for automatic rename recommendation."
"GitHub Workflow Inventory","tblHTf5bLKGK1Yk11","fldWNrJxYDysrEvAP",,"runtime_dependencies","multilineText","False","24","0","24","0","runtime_dependencies","protect_or_review","medium","Field has observed values or plausible current governance/provenance purpose; not safe for automatic rename recommendation."
"GitHub Workflow Inventory","tblHTf5bLKGK1Yk11","fldFAQAmx5EiUdOAQ",,"safety_notes","multilineText","False","24","0","24","0","safety_notes","protect_or_review","medium","Field has observed values or plausible current governance/provenance purpose; not safe for automatic rename recommendation."
"GitHub Workflow Inventory","tblHTf5bLKGK1Yk11","fldjIJZE5k5m95Jug",,"search_text","formula","False","24","0","24","0","search_text","protect","high","Primary, formula, linked, or system-derived field; do not rename in aggressive legacy pass without dedicated dependency review."
"GitHub Workflow Inventory","tblHTf5bLKGK1Yk11","fldxcTxDPU87CjhCI",,"source_snapshot","singleLineText","False","24","0","24","0","source_snapshot","protect_or_review","medium","Field has observed values or plausible current governance/provenance purpose; not safe for automatic rename recommendation."
"GitHub Workflow Inventory","tblHTf5bLKGK1Yk11","flder86QaKiBMy0Yg",,"status","singleSelect","False","24","0","24","0","status","protect_or_review","medium","Field has observed values or plausible current governance/provenance purpose; not safe for automatic rename recommendation."
"GitHub Workflow Inventory","tblHTf5bLKGK1Yk11","fld2RN9svVJSSOLsv",,"trigger_family","singleSelect","False","24","0","24","0","trigger_family","protect_or_review","medium","Field has observed values or plausible current governance/provenance purpose; not safe for automatic rename recommendation."
"GitHub Workflow Inventory","tblHTf5bLKGK1Yk11","flddbLErdH4zmhVoq",,"trigger_summary","multilineText","False","24","0","24","0","trigger_summary","protect_or_review","medium","Field has observed values or plausible current governance/provenance purpose; not safe for automatic rename recommendation."
"GitHub Workflow Inventory","tblHTf5bLKGK1Yk11","fldZLqo3NADSTBSeI",,"updated_at","dateTime","False","24","0","24","0","updated_at","protect_or_review","medium","Field has observed values or plausible current governance/provenance purpose; not safe for automatic rename recommendation."
"GitHub Workflow Inventory","tblHTf5bLKGK1Yk11","fldzzEs07tV97F4Mb",,"use_when","multilineText","False","24","0","24","0","use_when","protect_or_review","medium","Field has observed values or plausible current governance/provenance purpose; not safe for automatic rename recommendation."
"GitHub Workflow Inventory","tblHTf5bLKGK1Yk11","flddMiMhIe5Eg4FqZ",,"workflow_family","singleSelect","False","24","0","24","0","workflow_family","protect_or_review","medium","Field has observed values or plausible current governance/provenance purpose; not safe for automatic rename recommendation."
"GitHub Workflow Inventory","tblHTf5bLKGK1Yk11","fldtAGFwU8MfEzfNI",,"workflow_file_stem","singleLineText","False","24","0","24","0","workflow_file_stem","protect_or_review","medium","Field has observed values or plausible current governance/provenance purpose; not safe for automatic rename recommendation."
"GitHub Workflow Inventory","tblHTf5bLKGK1Yk11","fldZz29bykYFsFzbl",,"workflow_key","singleLineText","True","24","0","24","0","workflow_key","protect","high","Primary, formula, linked, or system-derived field; do not rename in aggressive legacy pass without dedicated dependency review."
"GitHub Workflow Inventory","tblHTf5bLKGK1Yk11","fldMKLP7OraKLpuC4",,"workflow_key_native","formula","False","24","0","24","0","workflow_key_native","protect","high","Primary, formula, linked, or system-derived field; do not rename in aggressive legacy pass without dedicated dependency review."
"GitHub Workflow Inventory","tblHTf5bLKGK1Yk11","fldIgvJQIXXc2f22j",,"workflow_name","singleLineText","False","24","0","24","0","workflow_name","protect_or_review","medium","Field has observed values or plausible current governance/provenance purpose; not safe for automatic rename recommendation."
"GitHub Workflow Inventory","tblHTf5bLKGK1Yk11","fldpCWeBP7ZEstDnm",,"workflow_seq_auto","autoNumber","False","24","0","24","0","workflow_seq_auto","protect","high","Primary, formula, linked, or system-derived field; do not rename in aggressive legacy pass without dedicated dependency review."
"Governance Control Plane","tblDfSl29psxRnes1","fldjYqVrXghZjwS5P",,"authority_order","singleLineText","False","1","0","1","0","authority_order","protect_or_review","medium","Field has observed values or plausible current governance/provenance purpose; not safe for automatic rename recommendation."
"Governance Control Plane","tblDfSl29psxRnes1","fldQhD5Vd3e85yFbX",,"control_key","singleLineText","True","1","0","1","0","control_key","protect","high","Primary, formula, linked, or system-derived field; do not rename in aggressive legacy pass without dedicated dependency review."
"Governance Control Plane","tblDfSl29psxRnes1","fldQY0mU3gCwbH1Kz",,"created_at","dateTime","False","1","0","1","0","created_at","protect_or_review","medium","Field has observed values or plausible current governance/provenance purpose; not safe for automatic rename recommendation."
"Governance Control Plane","tblDfSl29psxRnes1","fldgvNVrcuzz15G2K",,"last_confirmed_text","singleLineText","False","1","0","1","0","last_confirmed_text","protect_or_review","medium","Field has observed values or plausible current governance/provenance purpose; not safe for automatic rename recommendation."
"Governance Control Plane","tblDfSl29psxRnes1","fldRk2eHMppnDB4SV",,"live_queue_authority","checkbox","False","1","0","1","0","live_queue_authority","protect_or_review","medium","Field has observed values or plausible current governance/provenance purpose; not safe for automatic rename recommendation."
"Governance Control Plane","tblDfSl29psxRnes1","fldKuMS6GRkwO4JVP",,"project_attachment_set","multilineText","False","1","0","1","0","project_attachment_set","protect_or_review","medium","Field has observed values or plausible current governance/provenance purpose; not safe for automatic rename recommendation."
"Governance Control Plane","tblDfSl29psxRnes1","fldoXEqxa7iGIVJBM",,"repo_role_definition","multilineText","False","1","0","1","0","repo_role_definition","protect_or_review","medium","Field has observed values or plausible current governance/provenance purpose; not safe for automatic rename recommendation."
"Governance Control Plane","tblDfSl29psxRnes1","fldKQR9N2GJoE0K5O",,"retained_repo_surfaces","multilineText","False","1","0","1","0","retained_repo_surfaces","protect_or_review","medium","Field has observed values or plausible current governance/provenance purpose; not safe for automatic rename recommendation."
"Governance Control Plane","tblDfSl29psxRnes1","fldNUBsJEAEIjydC9",,"retention_class","singleSelect","False","1","0","1","0","retention_class","protect_or_review","medium","Field has observed values or plausible current governance/provenance purpose; not safe for automatic rename recommendation."
"Governance Control Plane","tblDfSl29psxRnes1","fld1xDqO9JORIhus0",,"review_after","date","False","1","0","1","0","review_after","protect_or_review","medium","Field has observed values or plausible current governance/provenance purpose; not safe for automatic rename recommendation."
"Governance Control Plane","tblDfSl29psxRnes1","fldLdEs3aHXu2NNMT",,"startup_chain","multilineText","False","1","0","1","0","startup_chain","protect_or_review","medium","Field has observed values or plausible current governance/provenance purpose; not safe for automatic rename recommendation."
"Governance Control Plane","tblDfSl29psxRnes1","fldtR5RIhapElNHkL",,"status","singleSelect","False","1","0","1","0","status","protect_or_review","medium","Field has observed values or plausible current governance/provenance purpose; not safe for automatic rename recommendation."
"Governance Control Plane","tblDfSl29psxRnes1","fldifX7PSJntG1BzN",,"updated_at","dateTime","False","1","0","1","0","updated_at","protect_or_review","medium","Field has observed values or plausible current governance/provenance purpose; not safe for automatic rename recommendation."
"Governance Control Plane","tblDfSl29psxRnes1","fldaFox5zRxkvWPyJ",,"workspace_model","singleLineText","False","1","0","1","0","workspace_model","protect_or_review","medium","Field has observed values or plausible current governance/provenance purpose; not safe for automatic rename recommendation."
"Idea Inbox","tblWwBxwrjZF6JR3r","fldAr98ivbOfxmphP",,"captured_at","dateTime","False","9","3","6","0.3333","captured_at","protect_or_review","medium","Field has observed values or plausible current governance/provenance purpose; not safe for automatic rename recommendation."
"Idea Inbox","tblWwBxwrjZF6JR3r","fldpo06Fc9RlbOSsE",,"created_at","dateTime","False","9","6","3","0.6667","created_at","protect_or_review","medium","Field has observed values or plausible current governance/provenance purpose; not safe for automatic rename recommendation."
"Idea Inbox","tblWwBxwrjZF6JR3r","fldzzj6i4nkc71XGk",,"idea_detail","multilineText","False","9","0","9","0","idea_detail","protect_or_review","medium","Field has observed values or plausible current governance/provenance purpose; not safe for automatic rename recommendation."
"Idea Inbox","tblWwBxwrjZF6JR3r","fldw9aHrMeikj4hfl",,"idea_id","singleLineText","True","9","0","9","0","idea_id","protect","high","Primary, formula, linked, or system-derived field; do not rename in aggressive legacy pass without dedicated dependency review."
"Idea Inbox","tblWwBxwrjZF6JR3r","fldBoCtxFV4h7pEuk",,"idea_title","singleLineText","False","9","0","9","0","idea_title","protect_or_review","medium","Field has observed values or plausible current governance/provenance purpose; not safe for automatic rename recommendation."
"Idea Inbox","tblWwBxwrjZF6JR3r","fldKuWN9I5bFA0BEg",,"notes","multilineText","False","9","0","9","0","notes","protect_or_review","medium","Field has observed values or plausible current governance/provenance purpose; not safe for automatic rename recommendation."
"Idea Inbox","tblWwBxwrjZF6JR3r","fldyhuC1RXb6TQBu3",,"promoted_to_github","checkbox","False","9","9","0","1","legacy_promoted_to_github_review","rename_candidate","medium","Field is fully blank in current full-record export and name does not obviously carry protected governance/provenance meaning."
"Idea Inbox","tblWwBxwrjZF6JR3r","fldHoHTIXhA0SBMgP",,"related_area","singleSelect","False","9","2","7","0.2222","related_area","protect_or_review","medium","Field has observed values or plausible current governance/provenance purpose; not safe for automatic rename recommendation."
"Idea Inbox","tblWwBxwrjZF6JR3r","fldwZA7gM6qRYWhOg",,"retention_class","singleSelect","False","9","0","9","0","retention_class","protect_or_review","medium","Field has observed values or plausible current governance/provenance purpose; not safe for automatic rename recommendation."
"Idea Inbox","tblWwBxwrjZF6JR3r","fldNf0eW4kjZKYQHM",,"review_after","date","False","9","4","5","0.4444","review_after","protect_or_review","medium","Field has observed values or plausible current governance/provenance purpose; not safe for automatic rename recommendation."
"Idea Inbox","tblWwBxwrjZF6JR3r","fldpk5jwntA5NbP2o",,"session_id","singleLineText","False","9","3","6","0.3333","session_id","protect_or_review","medium","Field has observed values or plausible current governance/provenance purpose; not safe for automatic rename recommendation."
"Idea Inbox","tblWwBxwrjZF6JR3r","fldXRAz2DLHzOQmK2",,"source_checkpoint_id","singleLineText","False","9","9","0","1","source_checkpoint_id","protect_or_review","medium","Field has observed values or plausible current governance/provenance purpose; not safe for automatic rename recommendation."
"Idea Inbox","tblWwBxwrjZF6JR3r","fldghObs99ambfB4k",,"status","singleSelect","False","9","0","9","0","status","protect_or_review","medium","Field has observed values or plausible current governance/provenance purpose; not safe for automatic rename recommendation."
"Idea Inbox","tblWwBxwrjZF6JR3r","fld3NZy5ie7LqkQjl",,"suggested_promotion_target","singleLineText","False","9","1","8","0.1111","suggested_promotion_target","protect_or_review","medium","Field has observed values or plausible current governance/provenance purpose; not safe for automatic rename recommendation."
"Idea Inbox","tblWwBxwrjZF6JR3r","fldgJDxvK2TNoBPek",,"updated_at","dateTime","False","9","6","3","0.6667","updated_at","protect_or_review","medium","Field has observed values or plausible current governance/provenance purpose; not safe for automatic rename recommendation."
"Idea Inbox","tblWwBxwrjZF6JR3r","fldE3T2c2G49Klwkj",,"why_it_matters","multilineText","False","9","0","9","0","why_it_matters","protect_or_review","medium","Field has observed values or plausible current governance/provenance purpose; not safe for automatic rename recommendation."
"Local Configuration Registry","tblcJxCoYGpEda0FM","fld9Me3HQ0WBhtCRy",,"config_kind","singleSelect","False","9","0","9","0","config_kind","protect_or_review","medium","Field has observed values or plausible current governance/provenance purpose; not safe for automatic rename recommendation."
"Local Configuration Registry","tblcJxCoYGpEda0FM","fldgvebuhkPWN63dP",,"config_name","singleLineText","True","9","0","9","0","config_name","protect","high","Primary, formula, linked, or system-derived field; do not rename in aggressive legacy pass without dedicated dependency review."
"Local Configuration Registry","tblcJxCoYGpEda0FM","fld2j1MuM5R4PSIAU",,"confirmed_present","checkbox","False","9","0","9","0","confirmed_present","protect_or_review","medium","Field has observed values or plausible current governance/provenance purpose; not safe for automatic rename recommendation."
"Local Configuration Registry","tblcJxCoYGpEda0FM","fldr3eoZdPQur0CyH",,"last_confirmed_at","dateTime","False","9","0","9","0","last_confirmed_at","protect_or_review","medium","Field has observed values or plausible current governance/provenance purpose; not safe for automatic rename recommendation."
"Local Configuration Registry","tblcJxCoYGpEda0FM","fldtMxURvbC15vj0I",,"notes","multilineText","False","9","0","9","0","notes","protect_or_review","medium","Field has observed values or plausible current governance/provenance purpose; not safe for automatic rename recommendation."
"Local Configuration Registry","tblcJxCoYGpEda0FM","fldRlfxBfqpwPwXMy",,"purpose","multilineText","False","9","0","9","0","purpose","protect_or_review","medium","Field has observed values or plausible current governance/provenance purpose; not safe for automatic rename recommendation."
"Local Configuration Registry","tblcJxCoYGpEda0FM","fldlpKq9sJAX6R2ZE",,"reference_additional_runtimes_json","multilineText","False","9","2","7","0.2222","reference_additional_runtimes_json","protect_or_review","medium","Field has observed values or plausible current governance/provenance purpose; not safe for automatic rename recommendation."
"Local Configuration Registry","tblcJxCoYGpEda0FM","fldhHZWvARzcA29Pl",,"reference_cmd","singleLineText","False","9","0","9","0","reference_cmd","protect_or_review","medium","Field has observed values or plausible current governance/provenance purpose; not safe for automatic rename recommendation."
"Local Configuration Registry","tblcJxCoYGpEda0FM","fldTaIJPM34ETSMhO",,"reference_powershell","singleLineText","False","9","0","9","0","reference_powershell","protect_or_review","medium","Field has observed values or plausible current governance/provenance purpose; not safe for automatic rename recommendation."
"Local Configuration Registry","tblcJxCoYGpEda0FM","fld63L4Y25hjaZTjL",,"reference_python","singleLineText","False","9","0","9","0","reference_python","protect_or_review","medium","Field has observed values or plausible current governance/provenance purpose; not safe for automatic rename recommendation."
"Local Configuration Registry","tblcJxCoYGpEda0FM","fldoK49SNnwmhk0Sr",,"reference_wsl_bash","singleLineText","False","9","0","9","0","reference_wsl_bash","protect_or_review","medium","Field has observed values or plausible current governance/provenance purpose; not safe for automatic rename recommendation."
"Local Configuration Registry","tblcJxCoYGpEda0FM","fldu0ZYs5wTbSPG9T",,"safe_to_display","checkbox","False","9","5","4","0.5556","safe_to_display","protect_or_review","medium","Field has observed values or plausible current governance/provenance purpose; not safe for automatic rename recommendation."
"Local Configuration Registry","tblcJxCoYGpEda0FM","fldBe6nhMuCoP4LU9",,"sensitive_value","checkbox","False","9","4","5","0.4444","sensitive_value","protect_or_review","medium","Field has observed values or plausible current governance/provenance purpose; not safe for automatic rename recommendation."
"Local Configuration Registry","tblcJxCoYGpEda0FM","fldfpNwx3rC2wPB8R",,"status","singleSelect","False","9","0","9","0","status","protect_or_review","medium","Field has observed values or plausible current governance/provenance purpose; not safe for automatic rename recommendation."
"Operator Preferences","tblnxZ3eLPT3W38wl","flduNdYW7z4hgyuNl",,"created_at","dateTime","False","88","28","60","0.3182","created_at","protect_or_review","medium","Field has observed values or plausible current governance/provenance purpose; not safe for automatic rename recommendation."
"Operator Preferences","tblnxZ3eLPT3W38wl","fld6iiOZDc1wcZPzc",,"curated_at","dateTime","False","88","86","2","0.9773","curated_at","protect_or_review","medium","Field has observed values or plausible current governance/provenance purpose; not safe for automatic rename recommendation."
"Operator Preferences","tblnxZ3eLPT3W38wl","fldl00PpLV23gcxfJ",,"curation_decision","singleSelect","False","88","64","24","0.7273","curation_decision","protect_or_review","medium","Field has observed values or plausible current governance/provenance purpose; not safe for automatic rename recommendation."
"Operator Preferences","tblnxZ3eLPT3W38wl","fldkFCZZlgt4hV2xR",,"curation_reason","multilineText","False","88","86","2","0.9773","curation_reason","protect_or_review","medium","Field has observed values or plausible current governance/provenance purpose; not safe for automatic rename recommendation."
"Operator Preferences","tblnxZ3eLPT3W38wl","fldrn5iy2nP2Cl4O8",,"effective_behavior","multilineText","False","88","4","84","0.0455","effective_behavior","protect_or_review","medium","Field has observed values or plausible current governance/provenance purpose; not safe for automatic rename recommendation."
"Operator Preferences","tblnxZ3eLPT3W38wl","fldUfJqMMZgXsQHEA",,"last_confirmed_text","singleLineText","False","88","2","86","0.0227","last_confirmed_text","protect_or_review","medium","Field has observed values or plausible current governance/provenance purpose; not safe for automatic rename recommendation."
"Operator Preferences","tblnxZ3eLPT3W38wl","fldNyvY56RV3t2rZg",,"notes","multilineText","False","88","1","87","0.0114","notes","protect_or_review","medium","Field has observed values or plausible current governance/provenance purpose; not safe for automatic rename recommendation."
"Operator Preferences","tblnxZ3eLPT3W38wl","fld98q4UIZsPdPN7s",,"preference_key","singleLineText","True","88","0","88","0","preference_key","protect","high","Primary, formula, linked, or system-derived field; do not rename in aggressive legacy pass without dedicated dependency review."
"Operator Preferences","tblnxZ3eLPT3W38wl","fldPJYR8l2121YWnU",,"preference_statement","multilineText","False","88","0","88","0","preference_statement","protect_or_review","medium","Field has observed values or plausible current governance/provenance purpose; not safe for automatic rename recommendation."
"Operator Preferences","tblnxZ3eLPT3W38wl","fldXlU3Or0pyldt6n",,"retention_class","singleSelect","False","88","0","88","0","retention_class","protect_or_review","medium","Field has observed values or plausible current governance/provenance purpose; not safe for automatic rename recommendation."
"Operator Preferences","tblnxZ3eLPT3W38wl","fldS4T6aYkTENvulz",,"review_after","date","False","88","12","76","0.1364","review_after","protect_or_review","medium","Field has observed values or plausible current governance/provenance purpose; not safe for automatic rename recommendation."
"Operator Preferences","tblnxZ3eLPT3W38wl","fldcEvgLB2voXRa1K",,"scope","singleSelect","False","88","0","88","0","scope","protect_or_review","medium","Field has observed values or plausible current governance/provenance purpose; not safe for automatic rename recommendation."
"Operator Preferences","tblnxZ3eLPT3W38wl","fldfczItHTqUBD8Uz",,"source_checkpoint_id","singleLineText","False","88","78","10","0.8864","source_checkpoint_id","protect_or_review","medium","Field has observed values or plausible current governance/provenance purpose; not safe for automatic rename recommendation."
"Operator Preferences","tblnxZ3eLPT3W38wl","fldM4hPeocI2HBD7B",,"source_idea_id","singleLineText","False","88","86","2","0.9773","source_idea_id","protect_or_review","medium","Field has observed values or plausible current governance/provenance purpose; not safe for automatic rename recommendation."
"Operator Preferences","tblnxZ3eLPT3W38wl","fld7Rft4ETD9YEhWd",,"source_session_id","singleLineText","False","88","37","51","0.4205","source_session_id","protect_or_review","medium","Field has observed values or plausible current governance/provenance purpose; not safe for automatic rename recommendation."
"Operator Preferences","tblnxZ3eLPT3W38wl","fld3GxPPZx9t0LwR1",,"status","singleSelect","False","88","0","88","0","status","protect_or_review","medium","Field has observed values or plausible current governance/provenance purpose; not safe for automatic rename recommendation."
"Operator Preferences","tblnxZ3eLPT3W38wl","fldIVBjuvRHaRzDqL",,"updated_at","dateTime","False","88","22","66","0.25","updated_at","protect_or_review","medium","Field has observed values or plausible current governance/provenance purpose; not safe for automatic rename recommendation."
"Operator Tools Registry","tblF1SCJBHRFUhpzi","fld9l7TFNXFZcWY97",,"active","checkbox","False","29","0","29","0","active","protect_or_review","medium","Field has observed values or plausible current governance/provenance purpose; not safe for automatic rename recommendation."
"Operator Tools Registry","tblF1SCJBHRFUhpzi","fld0FvxXYwKco9hwl",,"created_at","dateTime","False","29","0","29","0","created_at","protect_or_review","medium","Field has observed values or plausible current governance/provenance purpose; not safe for automatic rename recommendation."
"Operator Tools Registry","tblF1SCJBHRFUhpzi","fldxyzoUqJ5RvKbvu",,"display_label","formula","False","29","0","29","0","display_label","protect","high","Primary, formula, linked, or system-derived field; do not rename in aggressive legacy pass without dedicated dependency review."
"Operator Tools Registry","tblF1SCJBHRFUhpzi","fldTq4aJ6AoIFqJUo",,"input_contract","multilineText","False","29","1","28","0.0345","input_contract","protect_or_review","medium","Field has observed values or plausible current governance/provenance purpose; not safe for automatic rename recommendation."
"Operator Tools Registry","tblF1SCJBHRFUhpzi","fldkY92DvuarDvIxq",,"last_validated_at","dateTime","False","29","7","22","0.2414","last_validated_at","protect_or_review","medium","Field has observed values or plausible current governance/provenance purpose; not safe for automatic rename recommendation."
"Operator Tools Registry","tblF1SCJBHRFUhpzi","fldeoMJdznlVHdSdx",,"launcher_command","multilineText","False","29","1","28","0.0345","launcher_command","protect_or_review","medium","Field has observed values or plausible current governance/provenance purpose; not safe for automatic rename recommendation."
"Operator Tools Registry","tblF1SCJBHRFUhpzi","fldE1WGFFYzxSlHU1",,"notes","multilineText","False","29","0","29","0","notes","protect_or_review","medium","Field has observed values or plausible current governance/provenance purpose; not safe for automatic rename recommendation."
"Operator Tools Registry","tblF1SCJBHRFUhpzi","fldjo5ToZNd2xbPz2",,"output_contract","multilineText","False","29","1","28","0.0345","output_contract","protect_or_review","medium","Field has observed values or plausible current governance/provenance purpose; not safe for automatic rename recommendation."
"Operator Tools Registry","tblF1SCJBHRFUhpzi","fldjkzxBAty8ueGuI",,"repo_path","singleLineText","False","29","0","29","0","repo_path","protect_or_review","medium","Field has observed values or plausible current governance/provenance purpose; not safe for automatic rename recommendation."
"Operator Tools Registry","tblF1SCJBHRFUhpzi","fld0zaaaSQs7eWiKE",,"retention_class","singleSelect","False","29","0","29","0","retention_class","protect_or_review","medium","Field has observed values or plausible current governance/provenance purpose; not safe for automatic rename recommendation."
"Operator Tools Registry","tblF1SCJBHRFUhpzi","fldg7aD6owbd4gr0P",,"review_after","date","False","29","8","21","0.2759","review_after","protect_or_review","medium","Field has observed values or plausible current governance/provenance purpose; not safe for automatic rename recommendation."
"Operator Tools Registry","tblF1SCJBHRFUhpzi","fldZJMzV36nMy81kl",,"safety_preconditions","multilineText","False","29","1","28","0.0345","safety_preconditions","protect_or_review","medium","Field has observed values or plausible current governance/provenance purpose; not safe for automatic rename recommendation."
"Operator Tools Registry","tblF1SCJBHRFUhpzi","fldNE78U8iUhbnxkn",,"search_text","formula","False","29","0","29","0","search_text","protect","high","Primary, formula, linked, or system-derived field; do not rename in aggressive legacy pass without dedicated dependency review."
"Operator Tools Registry","tblF1SCJBHRFUhpzi","fldrAntwrkqI3gzWF",,"status","singleSelect","False","29","0","29","0","status","protect_or_review","medium","Field has observed values or plausible current governance/provenance purpose; not safe for automatic rename recommendation."
"Operator Tools Registry","tblF1SCJBHRFUhpzi","fldXiTxXPVOHnc3N3",,"tool_family","singleSelect","False","29","0","29","0","tool_family","protect_or_review","medium","Field has observed values or plausible current governance/provenance purpose; not safe for automatic rename recommendation."
"Operator Tools Registry","tblF1SCJBHRFUhpzi","fld4eAc1IEWYtOJpO",,"tool_id","singleLineText","True","29","0","29","0","tool_id","protect","high","Primary, formula, linked, or system-derived field; do not rename in aggressive legacy pass without dedicated dependency review."
"Operator Tools Registry","tblF1SCJBHRFUhpzi","fldcf2EIjZGqaLTcb",,"tool_name","singleLineText","False","29","0","29","0","tool_name","protect_or_review","medium","Field has observed values or plausible current governance/provenance purpose; not safe for automatic rename recommendation."
"Operator Tools Registry","tblF1SCJBHRFUhpzi","fldRyccDc3UOBrKKR",,"trigger_conditions","multilineText","False","29","1","28","0.0345","trigger_conditions","protect_or_review","medium","Field has observed values or plausible current governance/provenance purpose; not safe for automatic rename recommendation."
"Operator Tools Registry","tblF1SCJBHRFUhpzi","fld3bZnCqS36T6aBA",,"updated_at","dateTime","False","29","0","29","0","updated_at","protect_or_review","medium","Field has observed values or plausible current governance/provenance purpose; not safe for automatic rename recommendation."
"Operator Tools Registry","tblF1SCJBHRFUhpzi","fldxx6kWXejTnqv9t",,"version_or_hash","singleLineText","False","29","1","28","0.0345","version_or_hash","protect_or_review","medium","Field has observed values or plausible current governance/provenance purpose; not safe for automatic rename recommendation."
"Plans","tblBcp5FyMIfOm7Xe","fldSqjWSLBN0sWFZz",,"active_task_id","singleLineText","False","2","0","2","0","active_task_id","protect_or_review","medium","Field has observed values or plausible current governance/provenance purpose; not safe for automatic rename recommendation."
"Plans","tblBcp5FyMIfOm7Xe","fldAZSPBZfjCynqEh",,"active_task_title","singleLineText","False","2","0","2","0","active_task_title","protect_or_review","medium","Field has observed values or plausible current governance/provenance purpose; not safe for automatic rename recommendation."
"Plans","tblBcp5FyMIfOm7Xe","fldHWq73ganpn01am",,"carry_forward_note","multilineText","False","2","1","1","0.5","carry_forward_note","protect_or_review","medium","Field has observed values or plausible current governance/provenance purpose; not safe for automatic rename recommendation."
"Plans","tblBcp5FyMIfOm7Xe","fldwS46tOH9fTVQSO",,"created_at","dateTime","False","2","2","0","1","created_at","protect_or_review","medium","Field has observed values or plausible current governance/provenance purpose; not safe for automatic rename recommendation."
"Plans","tblBcp5FyMIfOm7Xe","fld8JrZu7UyK7lQHZ",,"exact_resume_goal","multilineText","False","2","0","2","0","exact_resume_goal","protect_or_review","medium","Field has observed values or plausible current governance/provenance purpose; not safe for automatic rename recommendation."
"Plans","tblBcp5FyMIfOm7Xe","fldvsVffETaqyuB0H","active_plan_task_id","legacy_active_plan_task_id_review","singleLineText","False","2","2","0","1","legacy_active_plan_task_id_review","already_applied","low","Plans field already marked as legacy review during WBS06.02."
"Plans","tblBcp5FyMIfOm7Xe","fldZoUV6BFJyKuOhz","last_updated_text","legacy_last_updated_text_review","singleLineText","False","2","0","2","0","legacy_last_updated_text_review","already_applied","low","Plans text timestamp duplicate already marked as legacy review during WBS06.02."
"Plans","tblBcp5FyMIfOm7Xe","fldyfFi5VTw9ffaPq","pending_flush_items","legacy_pending_plan_buffer_items_review","multilineText","False","2","2","0","1","legacy_pending_plan_buffer_items_review","already_applied","low","Plans field already marked as legacy review during WBS06.02."
"Plans","tblBcp5FyMIfOm7Xe","fldLYnjrlPY6QfKNH","flush_trigger","legacy_plan_buffer_marker_review","singleLineText","False","2","2","0","1","legacy_plan_buffer_marker_review","already_applied","low","Plans field already renamed to clearer buffer-marker review name during WBS06.02."
"Plans","tblBcp5FyMIfOm7Xe","fld4QqRiSFLzEvKuD","promotion_candidates","legacy_promotion_candidates_review","multilineText","False","2","2","0","1","legacy_promotion_candidates_review","already_applied","low","Plans field already marked as legacy review during WBS06.02."
"Plans","tblBcp5FyMIfOm7Xe","fldzT3tVTcvhSWPNa","remain_local_notes","legacy_remain_local_notes_review","multilineText","False","2","2","0","1","legacy_remain_local_notes_review","already_applied","low","Plans field already marked as legacy review during WBS06.02."
"Plans","tblBcp5FyMIfOm7Xe","fldcMUhjqIAOeAc7r",,"next_recommended_action","multilineText","False","2","0","2","0","next_recommended_action","protect_or_review","medium","Field has observed values or plausible current governance/provenance purpose; not safe for automatic rename recommendation."
"Plans","tblBcp5FyMIfOm7Xe","fldQ9raZbwHRJF3jb",,"plan_id","singleLineText","True","2","0","2","0","plan_id","protect","high","Primary, formula, linked, or system-derived field; do not rename in aggressive legacy pass without dedicated dependency review."
"Plans","tblBcp5FyMIfOm7Xe","fldm1S4PPLrsFF9Kl",,"plan_state","singleSelect","False","2","0","2","0","plan_state","protect_or_review","medium","Field has observed values or plausible current governance/provenance purpose; not safe for automatic rename recommendation."
"Plans","tblBcp5FyMIfOm7Xe","fldPFlhH4if1unY30",,"plan_title","singleLineText","False","2","0","2","0","plan_title","protect_or_review","medium","Field has observed values or plausible current governance/provenance purpose; not safe for automatic rename recommendation."
"Plans","tblBcp5FyMIfOm7Xe","fldgEp3UCYDBfeXJN",,"Queue Control","multipleRecordLinks","False","2","1","1","0.5","Queue Control","protect","high","Primary, formula, linked, or system-derived field; do not rename in aggressive legacy pass without dedicated dependency review."
"Plans","tblBcp5FyMIfOm7Xe","fldryBHZ51nuZtspi",,"resume_detail","multilineText","False","2","0","2","0","resume_detail","protect_or_review","medium","Field has observed values or plausible current governance/provenance purpose; not safe for automatic rename recommendation."
"Plans","tblBcp5FyMIfOm7Xe","fldPXSLzjiMyyVwvW",,"retention_class","singleSelect","False","2","0","2","0","retention_class","protect_or_review","medium","Field has observed values or plausible current governance/provenance purpose; not safe for automatic rename recommendation."
"Plans","tblBcp5FyMIfOm7Xe","fldCC1FicmWE2pra2",,"review_after","date","False","2","2","0","1","legacy_review_after_review","rename_candidate","medium","Field is fully blank in current full-record export and name does not obviously carry protected governance/provenance meaning."
"Plans","tblBcp5FyMIfOm7Xe","fldFjketenKMXRDGC",,"scope_constraints","multilineText","False","2","0","2","0","scope_constraints","protect_or_review","medium","Field has observed values or plausible current governance/provenance purpose; not safe for automatic rename recommendation."
"Plans","tblBcp5FyMIfOm7Xe","fldP3pUOzZ8y7GoWr",,"updated_at","dateTime","False","2","1","1","0.5","updated_at","protect_or_review","medium","Field has observed values or plausible current governance/provenance purpose; not safe for automatic rename recommendation."
"Plans","tblBcp5FyMIfOm7Xe","fldfAmMRY5qDOCR6c",,"why_current_task_matters","multilineText","False","2","1","1","0.5","why_current_task_matters","protect_or_review","medium","Field has observed values or plausible current governance/provenance purpose; not safe for automatic rename recommendation."
"Queue Control","tblf13aCslg6rJBah","fldojkyTnK28JD3ky",,"active_plans","multipleRecordLinks","False","1","0","1","0","active_plans","protect","high","Primary, formula, linked, or system-derived field; do not rename in aggressive legacy pass without dedicated dependency review."
"Queue Control","tblf13aCslg6rJBah","fld426HqFdGNRfe9w",,"branch_decision","multilineText","False","1","0","1","0","branch_decision","protect_or_review","medium","Field has observed values or plausible current governance/provenance purpose; not safe for automatic rename recommendation."
"Queue Control","tblf13aCslg6rJBah","fld93kyr3N268jC2L",,"branch_summary","multilineText","False","1","0","1","0","branch_summary","protect_or_review","medium","Field has observed values or plausible current governance/provenance purpose; not safe for automatic rename recommendation."
"Queue Control","tblf13aCslg6rJBah","fldFcVnCHlzrZYDw1",,"control_key","singleLineText","True","1","0","1","0","control_key","protect","high","Primary, formula, linked, or system-derived field; do not rename in aggressive legacy pass without dedicated dependency review."
"Queue Control","tblf13aCslg6rJBah","fldMrQbdlGEvXK1r6",,"created_at","dateTime","False","1","0","1","0","created_at","protect_or_review","medium","Field has observed values or plausible current governance/provenance purpose; not safe for automatic rename recommendation."
"Queue Control","tblf13aCslg6rJBah","flduCIQ2sbGNZtLo5",,"display_label","formula","False","1","0","1","0","display_label","protect","high","Primary, formula, linked, or system-derived field; do not rename in aggressive legacy pass without dedicated dependency review."
"Queue Control","tblf13aCslg6rJBah","fldTqHQAnOI8vaWXw",,"last_confirmed_text","singleLineText","False","1","0","1","0","last_confirmed_text","protect_or_review","medium","Field has observed values or plausible current governance/provenance purpose; not safe for automatic rename recommendation."
"Queue Control","tblf13aCslg6rJBah","fldivEi9YIHzqXRs3",,"next_revalidation_trigger","singleLineText","False","1","0","1","0","next_revalidation_trigger","protect_or_review","medium","Field has observed values or plausible current governance/provenance purpose; not safe for automatic rename recommendation."
"Queue Control","tblf13aCslg6rJBah","fldrAlBgrYCVFAERU",,"notes","multilineText","False","1","0","1","0","notes","protect_or_review","medium","Field has observed values or plausible current governance/provenance purpose; not safe for automatic rename recommendation."
"Queue Control","tblf13aCslg6rJBah","fldwfYuyQqR9ipkip",,"resume_rule","multilineText","False","1","0","1","0","resume_rule","protect_or_review","medium","Field has observed values or plausible current governance/provenance purpose; not safe for automatic rename recommendation."
"Queue Control","tblf13aCslg6rJBah","fld8xcTo7kh5YGSxV",,"retention_class","singleSelect","False","1","0","1","0","retention_class","protect_or_review","medium","Field has observed values or plausible current governance/provenance purpose; not safe for automatic rename recommendation."
"Queue Control","tblf13aCslg6rJBah","fldHRoyXTvw9lH97c",,"review_after","date","False","1","0","1","0","review_after","protect_or_review","medium","Field has observed values or plausible current governance/provenance purpose; not safe for automatic rename recommendation."
"Queue Control","tblf13aCslg6rJBah","fldu2Aaz3Gx1h557m",,"search_text","formula","False","1","0","1","0","search_text","protect","high","Primary, formula, linked, or system-derived field; do not rename in aggressive legacy pass without dedicated dependency review."
"Queue Control","tblf13aCslg6rJBah","fldcIeUiSJQrLLLIU",,"status","singleSelect","False","1","0","1","0","status","protect_or_review","medium","Field has observed values or plausible current governance/provenance purpose; not safe for automatic rename recommendation."
"Queue Control","tblf13aCslg6rJBah","fldXddel5ma8qt2y8",,"superseded_github_surfaces","multilineText","False","1","0","1","0","superseded_github_surfaces","protect_or_review","medium","Field has observed values or plausible current governance/provenance purpose; not safe for automatic rename recommendation."
"Queue Control","tblf13aCslg6rJBah","fldEAxgdBrGcPPBN6",,"updated_at","dateTime","False","1","0","1","0","updated_at","protect_or_review","medium","Field has observed values or plausible current governance/provenance purpose; not safe for automatic rename recommendation."
"Repo Surface Registry","tblzBiXp7kwTXM0ru","fldDapSojEOYFOtsW",,"authority_status","singleSelect","False","73","0","73","0","authority_status","protect_or_review","medium","Field has observed values or plausible current governance/provenance purpose; not safe for automatic rename recommendation."
"Repo Surface Registry","tblzBiXp7kwTXM0ru","fld3XSLf0FMeUfH42",,"created_at","dateTime","False","73","4","69","0.0548","created_at","protect_or_review","medium","Field has observed values or plausible current governance/provenance purpose; not safe for automatic rename recommendation."
"Repo Surface Registry","tblzBiXp7kwTXM0ru","fldU5YTbImSH6zWS2",,"locator","singleLineText","False","73","0","73","0","locator","protect_or_review","medium","Field has observed values or plausible current governance/provenance purpose; not safe for automatic rename recommendation."
"Repo Surface Registry","tblzBiXp7kwTXM0ru","fld5Rty9QHMGhcU9T",,"notes","multilineText","False","73","0","73","0","notes","protect_or_review","medium","Field has observed values or plausible current governance/provenance purpose; not safe for automatic rename recommendation."
"Repo Surface Registry","tblzBiXp7kwTXM0ru","fldul8StVD1eEqjCW",,"replacement_surface","singleLineText","False","73","0","73","0","replacement_surface","protect_or_review","medium","Field has observed values or plausible current governance/provenance purpose; not safe for automatic rename recommendation."
"Repo Surface Registry","tblzBiXp7kwTXM0ru","fldcKXlu9JyXcrRyr",,"retention_class","singleSelect","False","73","0","73","0","retention_class","protect_or_review","medium","Field has observed values or plausible current governance/provenance purpose; not safe for automatic rename recommendation."
"Repo Surface Registry","tblzBiXp7kwTXM0ru","fldISYgFQ2z1yfJHq",,"review_after","date","False","73","0","73","0","review_after","protect_or_review","medium","Field has observed values or plausible current governance/provenance purpose; not safe for automatic rename recommendation."
"Repo Surface Registry","tblzBiXp7kwTXM0ru","fldSr0DgSKklJ6vw2",,"role","multilineText","False","73","0","73","0","role","protect_or_review","medium","Field has observed values or plausible current governance/provenance purpose; not safe for automatic rename recommendation."
"Repo Surface Registry","tblzBiXp7kwTXM0ru","fldE1hjOJ1eOZLH63",,"surface_key","singleLineText","True","73","0","73","0","surface_key","protect","high","Primary, formula, linked, or system-derived field; do not rename in aggressive legacy pass without dedicated dependency review."
"Repo Surface Registry","tblzBiXp7kwTXM0ru","fldf9XZtW8mD80sYP",,"surface_type","singleSelect","False","73","1","72","0.0137","surface_type","protect_or_review","medium","Field has observed values or plausible current governance/provenance purpose; not safe for automatic rename recommendation."
"Repo Surface Registry","tblzBiXp7kwTXM0ru","fldCNmW0WGiUtR1dE",,"updated_at","dateTime","False","73","4","69","0.0548","updated_at","protect_or_review","medium","Field has observed values or plausible current governance/provenance purpose; not safe for automatic rename recommendation."
"Session Checkpoints","tblTe75HKZOJaPDGn","fldsYfEKNT8NyUQyQ",,"buffered_promotion_candidates","multilineText","False","93","62","31","0.6667","buffered_promotion_candidates","protect_or_review","medium","Field has observed values or plausible current governance/provenance purpose; not safe for automatic rename recommendation."
"Session Checkpoints","tblTe75HKZOJaPDGn","fldTvgQefF53td8gE",,"captured_ideas_summary","multilineText","False","93","72","21","0.7742","captured_ideas_summary","protect_or_review","medium","Field has observed values or plausible current governance/provenance purpose; not safe for automatic rename recommendation."
"Session Checkpoints","tblTe75HKZOJaPDGn","fldDmyw0j3EKlt5YF",,"checkpoint_at","dateTime","False","93","4","89","0.043","checkpoint_at","protect_or_review","medium","Field has observed values or plausible current governance/provenance purpose; not safe for automatic rename recommendation."
"Session Checkpoints","tblTe75HKZOJaPDGn","fld05CE02z75xTywV",,"checkpoint_id","singleLineText","True","93","0","93","0","checkpoint_id","protect","high","Primary, formula, linked, or system-derived field; do not rename in aggressive legacy pass without dedicated dependency review."
"Session Checkpoints","tblTe75HKZOJaPDGn","flduf5QvQRtyMRfq4",,"checkpoint_status","singleSelect","False","93","0","93","0","checkpoint_status","protect_or_review","medium","Field has observed values or plausible current governance/provenance purpose; not safe for automatic rename recommendation."
"Session Checkpoints","tblTe75HKZOJaPDGn","fldwzh5UZvQC6IGuv",,"created_at","dateTime","False","93","29","64","0.3118","created_at","protect_or_review","medium","Field has observed values or plausible current governance/provenance purpose; not safe for automatic rename recommendation."
"Session Checkpoints","tblTe75HKZOJaPDGn","fldG1EIERtFLlUOCO",,"current_focus","multilineText","False","93","3","90","0.0323","current_focus","protect_or_review","medium","Field has observed values or plausible current governance/provenance purpose; not safe for automatic rename recommendation."
"Session Checkpoints","tblTe75HKZOJaPDGn","fldeR0OJNC1tb2xxC",,"decisions_constraints","multilineText","False","93","26","67","0.2796","decisions_constraints","protect_or_review","medium","Field has observed values or plausible current governance/provenance purpose; not safe for automatic rename recommendation."
"Session Checkpoints","tblTe75HKZOJaPDGn","fldIsZnsMfcyGoVxi",,"display_label","formula","False","93","0","93","0","display_label","protect","high","Primary, formula, linked, or system-derived field; do not rename in aggressive legacy pass without dedicated dependency review."
"Session Checkpoints","tblTe75HKZOJaPDGn","fldNkO3A4aCeR83ty",,"github_promotion_status","singleSelect","False","93","56","37","0.6022","github_promotion_status","protect_or_review","medium","Field has observed values or plausible current governance/provenance purpose; not safe for automatic rename recommendation."
"Session Checkpoints","tblTe75HKZOJaPDGn","fldsFIsntsdFcF2HK",,"local_state_hash","singleLineText","False","93","82","11","0.8817","local_state_hash","protect_or_review","medium","Field has observed values or plausible current governance/provenance purpose; not safe for automatic rename recommendation."
"Session Checkpoints","tblTe75HKZOJaPDGn","fldI86NLTExK50Paw",,"next_recommended_move","multilineText","False","93","0","93","0","next_recommended_move","protect_or_review","medium","Field has observed values or plausible current governance/provenance purpose; not safe for automatic rename recommendation."
"Session Checkpoints","tblTe75HKZOJaPDGn","fldrQ15ciUon2vwsn",,"open_threads","multilineText","False","93","25","68","0.2688","open_threads","protect_or_review","medium","Field has observed values or plausible current governance/provenance purpose; not safe for automatic rename recommendation."
"Session Checkpoints","tblTe75HKZOJaPDGn","fldCL16aBoQmpk7yg",,"resume_prompt","multilineText","False","93","9","84","0.0968","resume_prompt","protect_or_review","medium","Field has observed values or plausible current governance/provenance purpose; not safe for automatic rename recommendation."
"Session Checkpoints","tblTe75HKZOJaPDGn","fldb34YQQ976acIzJ",,"retention_class","singleSelect","False","93","0","93","0","retention_class","protect_or_review","medium","Field has observed values or plausible current governance/provenance purpose; not safe for automatic rename recommendation."
"Session Checkpoints","tblTe75HKZOJaPDGn","fld3OBe8B1Wnm9RgT",,"review_after","date","False","93","29","64","0.3118","review_after","protect_or_review","medium","Field has observed values or plausible current governance/provenance purpose; not safe for automatic rename recommendation."
"Session Checkpoints","tblTe75HKZOJaPDGn","fldYRLKYDmleKctlJ",,"search_text","formula","False","93","0","93","0","search_text","protect","high","Primary, formula, linked, or system-derived field; do not rename in aggressive legacy pass without dedicated dependency review."
"Session Checkpoints","tblTe75HKZOJaPDGn","fld63FgvRtBDYjHw1",,"session_id","singleLineText","False","93","24","69","0.2581","session_id","protect_or_review","medium","Field has observed values or plausible current governance/provenance purpose; not safe for automatic rename recommendation."
"Session Checkpoints","tblTe75HKZOJaPDGn","fldnl8krcTV95l0WT",,"state_summary","multilineText","False","93","1","92","0.0108","state_summary","protect_or_review","medium","Field has observed values or plausible current governance/provenance purpose; not safe for automatic rename recommendation."
"Session Checkpoints","tblTe75HKZOJaPDGn","fldTaxKPaShTfMFog",,"trigger","singleSelect","False","93","34","59","0.3656","trigger","protect_or_review","medium","Field has observed values or plausible current governance/provenance purpose; not safe for automatic rename recommendation."
"Session Checkpoints","tblTe75HKZOJaPDGn","fldAKs3Vd79AAZJ9Z",,"updated_at","dateTime","False","93","29","64","0.3118","updated_at","protect_or_review","medium","Field has observed values or plausible current governance/provenance purpose; not safe for automatic rename recommendation."
"Validation Evidence","tblrPFQH2uZEYBYE9","fldFHNOi3cWcrR1y2",,"created_at","dateTime","False","153","34","119","0.2222","created_at","protect_or_review","medium","Field has observed values or plausible current governance/provenance purpose; not safe for automatic rename recommendation."
"Validation Evidence","tblrPFQH2uZEYBYE9","fldua3G9lRVdiIpEO",,"evidence_key","singleLineText","True","153","0","153","0","evidence_key","protect","high","Primary, formula, linked, or system-derived field; do not rename in aggressive legacy pass without dedicated dependency review."
"Validation Evidence","tblrPFQH2uZEYBYE9","fld6PWvy2bMvqMpUt",,"evidence_summary","multilineText","False","153","0","153","0","evidence_summary","protect_or_review","medium","Field has observed values or plausible current governance/provenance purpose; not safe for automatic rename recommendation."
"Validation Evidence","tblrPFQH2uZEYBYE9","fldOIWWUP1cPo9zEb",,"release_key","singleLineText","False","153","153","0","1","release_key","protect_or_review","medium","Field has observed values or plausible current governance/provenance purpose; not safe for automatic rename recommendation."
"Validation Evidence","tblrPFQH2uZEYBYE9","fld4TuQoJJOHSPOI8",,"repo_surface_key","singleLineText","False","153","65","88","0.4248","repo_surface_key","protect_or_review","medium","Field has observed values or plausible current governance/provenance purpose; not safe for automatic rename recommendation."
"Validation Evidence","tblrPFQH2uZEYBYE9","fldh0cLWnWvHgzC5f",,"result","singleSelect","False","153","0","153","0","result","protect_or_review","medium","Field has observed values or plausible current governance/provenance purpose; not safe for automatic rename recommendation."
"Validation Evidence","tblrPFQH2uZEYBYE9","fld9xUZL00MIzHqf8",,"retention_class","singleSelect","False","153","0","153","0","retention_class","protect_or_review","medium","Field has observed values or plausible current governance/provenance purpose; not safe for automatic rename recommendation."
"Validation Evidence","tblrPFQH2uZEYBYE9","fldYY6npn1b8LuhBs",,"review_after","date","False","153","46","107","0.3007","review_after","protect_or_review","medium","Field has observed values or plausible current governance/provenance purpose; not safe for automatic rename recommendation."
"Validation Evidence","tblrPFQH2uZEYBYE9","flddBu10OfbDkTxfj",,"source_locator","singleLineText","False","153","0","153","0","source_locator","protect_or_review","medium","Field has observed values or plausible current governance/provenance purpose; not safe for automatic rename recommendation."
"Validation Evidence","tblrPFQH2uZEYBYE9","fldU5SlBXT3vlRRLI",,"updated_at","dateTime","False","153","34","119","0.2222","updated_at","protect_or_review","medium","Field has observed values or plausible current governance/provenance purpose; not safe for automatic rename recommendation."
"Validation Evidence","tblrPFQH2uZEYBYE9","fld42VCNN0p0kbzVp",,"validation_case_key","singleLineText","False","153","20","133","0.1307","validation_case_key","protect_or_review","medium","Field has observed values or plausible current governance/provenance purpose; not safe for automatic rename recommendation."
"Validation Evidence","tblrPFQH2uZEYBYE9","fldD5IQJtuwW2GKXH",,"work_item_key","singleLineText","False","153","0","153","0","work_item_key","protect_or_review","medium","Field has observed values or plausible current governance/provenance purpose; not safe for automatic rename recommendation."
"Validation Test Cases","tblRnMpQUomIGyFVL","fldgYCVZMOdKWJ8Rx",,"Active","checkbox","False","66","0","66","0","Active","protect_or_review","medium","Field has observed values or plausible current governance/provenance purpose; not safe for automatic rename recommendation."
"Validation Test Cases","tblRnMpQUomIGyFVL","fldVNr1JN0XJvjCEy",,"Area","singleSelect","False","66","9","57","0.1364","Area","protect_or_review","medium","Field has observed values or plausible current governance/provenance purpose; not safe for automatic rename recommendation."
"Validation Test Cases","tblRnMpQUomIGyFVL","fldHaAF9DB8yMsVVX",,"Command or Method","multilineText","False","66","0","66","0","Command or Method","protect_or_review","medium","Field has observed values or plausible current governance/provenance purpose; not safe for automatic rename recommendation."
"Validation Test Cases","tblRnMpQUomIGyFVL","fldpYz6RJjMblJHP5",,"created_at","dateTime","False","66","4","62","0.0606","created_at","protect_or_review","medium","Field has observed values or plausible current governance/provenance purpose; not safe for automatic rename recommendation."
"Validation Test Cases","tblRnMpQUomIGyFVL","fldwJB0mjNkXZxEKk",,"Evidence / Notes","multilineText","False","66","6","60","0.0909","Evidence / Notes","protect_or_review","medium","Field has observed values or plausible current governance/provenance purpose; not safe for automatic rename recommendation."
"Validation Test Cases","tblRnMpQUomIGyFVL","fldZFMEcWOdb8HMGj",,"Execution Lane","singleSelect","False","66","14","52","0.2121","Execution Lane","protect_or_review","medium","Field has observed values or plausible current governance/provenance purpose; not safe for automatic rename recommendation."
"Validation Test Cases","tblRnMpQUomIGyFVL","fldETVNMBQSROEkh3",,"Fail Criteria","multilineText","False","66","8","58","0.1212","Fail Criteria","protect_or_review","medium","Field has observed values or plausible current governance/provenance purpose; not safe for automatic rename recommendation."
"Validation Test Cases","tblRnMpQUomIGyFVL","fldIycsKX0InY6SRU",,"Feature or Behavior","singleLineText","False","66","0","66","0","Feature or Behavior","protect_or_review","medium","Field has observed values or plausible current governance/provenance purpose; not safe for automatic rename recommendation."
"Validation Test Cases","tblRnMpQUomIGyFVL","fldYMhjoUfwxE1QUT",,"Observed Status","singleSelect","False","66","8","58","0.1212","Observed Status","protect_or_review","medium","Field has observed values or plausible current governance/provenance purpose; not safe for automatic rename recommendation."
"Validation Test Cases","tblRnMpQUomIGyFVL","fldtUMwrZtUBfyFwl",,"Pass Criteria","multilineText","False","66","0","66","0","Pass Criteria","protect_or_review","medium","Field has observed values or plausible current governance/provenance purpose; not safe for automatic rename recommendation."
"Validation Test Cases","tblRnMpQUomIGyFVL","fld278WxpDGF951QA",,"retention_class","singleSelect","False","66","0","66","0","retention_class","protect_or_review","medium","Field has observed values or plausible current governance/provenance purpose; not safe for automatic rename recommendation."
"Validation Test Cases","tblRnMpQUomIGyFVL","fldihghhBK4BpkYey",,"review_after","date","False","66","5","61","0.0758","review_after","protect_or_review","medium","Field has observed values or plausible current governance/provenance purpose; not safe for automatic rename recommendation."
"Validation Test Cases","tblRnMpQUomIGyFVL","fldma0Ga4hPWDnLEO",,"Source Basis","multilineText","False","66","8","58","0.1212","Source Basis","protect_or_review","medium","Field has observed values or plausible current governance/provenance purpose; not safe for automatic rename recommendation."
"Validation Test Cases","tblRnMpQUomIGyFVL","fldiEjKIS6iQQDVhT",,"Test Case","singleLineText","True","66","0","66","0","Test Case","protect","high","Primary, formula, linked, or system-derived field; do not rename in aggressive legacy pass without dedicated dependency review."
"Validation Test Cases","tblRnMpQUomIGyFVL","fldJOzGgp3w2VVc3a",,"Test ID","singleLineText","False","66","0","66","0","Test ID","protect_or_review","medium","Field has observed values or plausible current governance/provenance purpose; not safe for automatic rename recommendation."
"Validation Test Cases","tblRnMpQUomIGyFVL","fldDkZN6q6vE6tYYz",,"updated_at","dateTime","False","66","3","63","0.0455","updated_at","protect_or_review","medium","Field has observed values or plausible current governance/provenance purpose; not safe for automatic rename recommendation."
"Work Items","tblgsQAVWvh8K7gIR","fldd0urjdszMBR1LU",,"Area","singleSelect","False","80","75","5","0.9375","Area","protect_or_review","medium","Field has observed values or plausible current governance/provenance purpose; not safe for automatic rename recommendation."
"Work Items","tblgsQAVWvh8K7gIR","fldQ5YKb9EuM8nqph",,"Authority Scope","singleSelect","False","80","46","34","0.575","Authority Scope","protect_or_review","medium","Field has observed values or plausible current governance/provenance purpose; not safe for automatic rename recommendation."
"Work Items","tblgsQAVWvh8K7gIR","fldbZhaIrAX2cbHrE",,"canonical_parent_plan_id","singleLineText","False","80","73","7","0.9125","canonical_parent_plan_id","protect_or_review","medium","Field has observed values or plausible current governance/provenance purpose; not safe for automatic rename recommendation."
"Work Items","tblgsQAVWvh8K7gIR","fld9Dw9YYk8DjOden",,"created_at","dateTime","False","80","13","67","0.1625","created_at","protect_or_review","medium","Field has observed values or plausible current governance/provenance purpose; not safe for automatic rename recommendation."
"Work Items","tblgsQAVWvh8K7gIR","fldwGVzEqnvgqzsT1",,"display_label","formula","False","80","0","80","0","display_label","protect","high","Primary, formula, linked, or system-derived field; do not rename in aggressive legacy pass without dedicated dependency review."
"Work Items","tblgsQAVWvh8K7gIR","fldZ966uvUvaZ77dS",,"Evidence / Notes","multilineText","False","80","1","79","0.0125","Evidence / Notes","protect_or_review","medium","Field has observed values or plausible current governance/provenance purpose; not safe for automatic rename recommendation."
"Work Items","tblgsQAVWvh8K7gIR","fldATbftmJ4UQ8Flk",,"GitHub Promotion Need","singleSelect","False","80","48","32","0.6","GitHub Promotion Need","protect_or_review","medium","Field has observed values or plausible current governance/provenance purpose; not safe for automatic rename recommendation."
"Work Items","tblgsQAVWvh8K7gIR","fldTneAArfh5yJOXi",,"Item ID","singleLineText","False","80","0","80","0","Item ID","protect_or_review","medium","Field has observed values or plausible current governance/provenance purpose; not safe for automatic rename recommendation."
"Work Items","tblgsQAVWvh8K7gIR","fld4XJowALSopxpnV",,"Priority","singleSelect","False","80","10","70","0.125","Priority","protect_or_review","medium","Field has observed values or plausible current governance/provenance purpose; not safe for automatic rename recommendation."
"Work Items","tblgsQAVWvh8K7gIR","fld3vWpcC6OfYEber",,"Queue Rank","number","False","80","28","52","0.35","Queue Rank","protect_or_review","medium","Field has observed values or plausible current governance/provenance purpose; not safe for automatic rename recommendation."
"Work Items","tblgsQAVWvh8K7gIR","fldZ922sf04D4WbvE",,"Repo Path or Skill","singleLineText","False","80","8","72","0.1","Repo Path or Skill","protect_or_review","medium","Field has observed values or plausible current governance/provenance purpose; not safe for automatic rename recommendation."
"Work Items","tblgsQAVWvh8K7gIR","fldX9vydvQqreL4cF",,"retention_class","singleSelect","False","80","0","80","0","retention_class","protect_or_review","medium","Field has observed values or plausible current governance/provenance purpose; not safe for automatic rename recommendation."
"Work Items","tblgsQAVWvh8K7gIR","fldTYwdv6tCZypXk5",,"search_text","formula","False","80","0","80","0","search_text","protect","high","Primary, formula, linked, or system-derived field; do not rename in aggressive legacy pass without dedicated dependency review."
"Work Items","tblgsQAVWvh8K7gIR","fldvGbvwTx84mxtwO",,"Status","singleSelect","False","80","0","80","0","Status","protect_or_review","medium","Field has observed values or plausible current governance/provenance purpose; not safe for automatic rename recommendation."
"Work Items","tblgsQAVWvh8K7gIR","fldD1rwuVsNketueT",,"updated_at","dateTime","False","80","7","73","0.0875","updated_at","protect_or_review","medium","Field has observed values or plausible current governance/provenance purpose; not safe for automatic rename recommendation."
"Work Items","tblgsQAVWvh8K7gIR","fld62VxHtbRTZhPdX",,"Work Item","singleLineText","True","80","0","80","0","Work Item","protect","high","Primary, formula, linked, or system-derived field; do not rename in aggressive legacy pass without dedicated dependency review."
"Work Items","tblgsQAVWvh8K7gIR","fldGa1GseWf6ro78L",,"Work Type","singleSelect","False","80","75","5","0.9375","Work Type","protect_or_review","medium","Field has observed values or plausible current governance/provenance purpose; not safe for automatic rename recommendation."
