"table_name","table_id","field_id","current_name","field_type","record_count","blank_count","nonblank_count","blank_ratio","proposed_name","action","category","reason"
"Admin Registry","tblFaJW1V2DPc9css","fldWvo4S23CwPnid0","registry_key","singleLineText","127","0","127","0",,"no_change",,
"Admin Registry","tblFaJW1V2DPc9css","fldg3LmiZe61JyIMp","object_name","singleLineText","127","0","127","0",,"no_change",,
"Admin Registry","tblFaJW1V2DPc9css","fldFrgaZ2b1yqiVPi","owning_table","singleLineText","127","0","127","0",,"no_change",,
"Admin Registry","tblFaJW1V2DPc9css","fldvtOp7TdnRBXadU","last_reviewed_at","dateTime","127","73","54","0.5748",,"no_change",,
"Admin Registry","tblFaJW1V2DPc9css","fldIalyqS4gEDHbtc","notes","multilineText","127","0","127","0",,"no_change",,
"Admin Registry","tblFaJW1V2DPc9css","fldhyC1lbXosYYvjZ","created_at","dateTime","127","35","92","0.2756",,"no_change",,
"Admin Registry","tblFaJW1V2DPc9css","fldU7MsB6PyUch6H1","updated_at","dateTime","127","32","95","0.252",,"no_change",,
"Admin Registry","tblFaJW1V2DPc9css","fldoy2bD0o6DHlwCd","review_after","date","127","32","95","0.252",,"no_change",,
"Admin Registry","tblFaJW1V2DPc9css","fldrXNA9ihR5bIJoh","retention_class","singleSelect","127","0","127","0",,"no_change",,
"Admin Registry","tblFaJW1V2DPc9css","flddxw1jHHZuXdRuA","object_type","singleSelect","127","13","114","0.1024",,"no_change",,
"Admin Registry","tblFaJW1V2DPc9css","fldsjx2lBQJJsdBoa","status","singleSelect","127","0","127","0",,"no_change",,
"dcoir-decision-policy","tblKHVXq16Xd5I31m","fldo00PUkXIaZY7uW","decision_entry_id","singleLineText","10","0","10","0",,"no_change",,
"dcoir-decision-policy","tblKHVXq16Xd5I31m","fldaI0qVtfNZqfXNe","approved_rule","multilineText","10","0","10","0",,"no_change",,
"dcoir-decision-policy","tblKHVXq16Xd5I31m","fld664vtczpgPDTcD","situational_rule","multilineText","10","0","10","0",,"no_change",,
"dcoir-decision-policy","tblKHVXq16Xd5I31m","fldHsGII6M314rMo3","workflow_impact","multilineText","10","0","10","0",,"no_change",,
"dcoir-decision-policy","tblKHVXq16Xd5I31m","fldv90HCZZxBtf1h9","packaging_impact","multilineText","10","0","10","0",,"no_change",,
"dcoir-decision-policy","tblKHVXq16Xd5I31m","fldHSC3jjNb79NBfO","source_basis","multilineText","10","0","10","0",,"no_change",,
"dcoir-decision-policy","tblKHVXq16Xd5I31m","fldyDa0iTDGtNaM8g","last_confirmed_text","singleLineText","10","0","10","0",,"no_change",,
"dcoir-decision-policy","tblKHVXq16Xd5I31m","fld8KpTjiymqouo9I","created_at","dateTime","10","2","8","0.2",,"no_change",,
"dcoir-decision-policy","tblKHVXq16Xd5I31m","fld2RX09cikd9yAgR","updated_at","dateTime","10","2","8","0.2",,"no_change",,
"dcoir-decision-policy","tblKHVXq16Xd5I31m","fldYK2cbss0i0yLOr","review_after","date","10","1","9","0.1",,"no_change",,
"dcoir-decision-policy","tblKHVXq16Xd5I31m","fldBSLZkxHkvdWfs3","status","singleSelect","10","0","10","0",,"no_change",,
"dcoir-decision-policy","tblKHVXq16Xd5I31m","fldH6sRkVniEBFlv4","retention_class","singleSelect","10","0","10","0",,"no_change",,
"dcoir-decision-policy","tblKHVXq16Xd5I31m","fldoBBSWp7jVlY4mv","decision_family","singleSelect","10","1","9","0.1",,"no_change",,
"dcoir-memory-preflight","tblcNNuKqi8IkFsSQ","fldCWhMISlxjhfRgt","memory_entry_id","singleLineText","29","0","29","0",,"no_change",,
"dcoir-memory-preflight","tblcNNuKqi8IkFsSQ","fldvM5eJi6Cg1nxDo","consulted_records","multilineText","29","3","26","0.1034",,"no_change",,
"dcoir-memory-preflight","tblcNNuKqi8IkFsSQ","fldCCgIRZe3GJtqSy","selected_lane","singleLineText","29","0","29","0",,"no_change",,
"dcoir-memory-preflight","tblcNNuKqi8IkFsSQ","fldEG3hKpPFXjLKW6","preconditions","multilineText","29","0","29","0",,"no_change",,
"dcoir-memory-preflight","tblcNNuKqi8IkFsSQ","fldO1vEnBL2Yhuvm7","anti_patterns","multilineText","29","0","29","0",,"no_change",,
"dcoir-memory-preflight","tblcNNuKqi8IkFsSQ","fldrLg8uOgPl6CHSx","required_verification","multilineText","29","0","29","0",,"no_change",,
"dcoir-memory-preflight","tblcNNuKqi8IkFsSQ","fldSWtvOK7mNAkTeO","buffered_candidate","multilineText","29","0","29","0",,"no_change",,
"dcoir-memory-preflight","tblcNNuKqi8IkFsSQ","fld1BaL5xOzcsNC0b","last_confirmed_text","singleLineText","29","0","29","0",,"no_change",,
"dcoir-memory-preflight","tblcNNuKqi8IkFsSQ","fldipvMJdEJuHiaYP","created_at","dateTime","29","7","22","0.2414",,"no_change",,
"dcoir-memory-preflight","tblcNNuKqi8IkFsSQ","fldo6bm7xGMXB6P6E","updated_at","dateTime","29","7","22","0.2414",,"no_change",,
"dcoir-memory-preflight","tblcNNuKqi8IkFsSQ","fldo6Uyl76ChI5uwd","review_after","date","29","3","26","0.1034",,"no_change",,
"dcoir-memory-preflight","tblcNNuKqi8IkFsSQ","fldEG5XzJh9z0E4Rt","invocation_mode","singleSelect","29","11","18","0.3793",,"no_change",,
"dcoir-memory-preflight","tblcNNuKqi8IkFsSQ","fldM7jkNeUM03MDpg","status","singleSelect","29","0","29","0",,"no_change",,
"dcoir-memory-preflight","tblcNNuKqi8IkFsSQ","fldtjVIBDb2KebCeH","retention_class","singleSelect","29","0","29","0",,"no_change",,
"dcoir-memory-preflight","tblcNNuKqi8IkFsSQ","fld4YP1bJ5Gtxfgis","task_family","singleSelect","29","12","17","0.4138",,"no_change",,
"dcoir-validation-orchestrator","tbls9O1B0Rs8YvTAj","fld3zLfGs468eOrai","validation_entry_id","singleLineText","6","0","6","0",,"no_change",,
"dcoir-validation-orchestrator","tbls9O1B0Rs8YvTAj","fldu90QetmVAGMPg7","active_validation_plan","multilineText","6","0","6","0",,"no_change",,
"dcoir-validation-orchestrator","tbls9O1B0Rs8YvTAj","fldM9FoBQuFxkRtke","evidence_threshold","multilineText","6","0","6","0",,"no_change",,
"dcoir-validation-orchestrator","tbls9O1B0Rs8YvTAj","fldl8hJwbfTd6CIqf","unresolved_gap","multilineText","6","0","6","0",,"no_change",,
"dcoir-validation-orchestrator","tbls9O1B0Rs8YvTAj","fldJoGbCSFMhaJcXm","live_readiness_gate","multilineText","6","0","6","0",,"no_change",,
"dcoir-validation-orchestrator","tbls9O1B0Rs8YvTAj","fldcowj0yJ4FehXvs","next_action","multilineText","6","0","6","0",,"no_change",,
"dcoir-validation-orchestrator","tbls9O1B0Rs8YvTAj","fldUda6eDNofM1uJz","last_confirmed_text","singleLineText","6","0","6","0",,"no_change",,
"dcoir-validation-orchestrator","tbls9O1B0Rs8YvTAj","fldkHJlkJs4ayOjH2","created_at","dateTime","6","1","5","0.1667",,"no_change",,
"dcoir-validation-orchestrator","tbls9O1B0Rs8YvTAj","fldk4YCtGhqG7WSXX","updated_at","dateTime","6","1","5","0.1667",,"no_change",,
"dcoir-validation-orchestrator","tbls9O1B0Rs8YvTAj","fldKlyzAcj7Q5kEI4","review_after","date","6","1","5","0.1667",,"no_change",,
"dcoir-validation-orchestrator","tbls9O1B0Rs8YvTAj","fldyAQecWjCgKB2ix","validation_scope","multipleSelects","6","2","4","0.3333",,"no_change",,
"dcoir-validation-orchestrator","tbls9O1B0Rs8YvTAj","fldzOLipJQKiCcW4m","status","singleSelect","6","0","6","0",,"no_change",,
"dcoir-validation-orchestrator","tbls9O1B0Rs8YvTAj","fldbRVqoWt9fjR7o5","retention_class","singleSelect","6","0","6","0",,"no_change",,
"DCOIR Cleanup Scaffold Registry","tblvtcId7PiFKvfKO","fldaBJ8P6m2ARMoLz","scaffold_key","singleLineText","0","0","0","0",,"no_change",,
"DCOIR Cleanup Scaffold Registry","tblvtcId7PiFKvfKO","fldR2HGAtC55Ss4Ri","plan_key","singleLineText","0","0","0","0",,"no_change",,
"DCOIR Cleanup Scaffold Registry","tblvtcId7PiFKvfKO","fld45yLe1QIoXgZE3","scaffold_name","singleLineText","0","0","0","0",,"no_change",,
"DCOIR Cleanup Scaffold Registry","tblvtcId7PiFKvfKO","fldIHPy7ApnjSCeIl","scaffold_type","singleSelect","0","0","0","0",,"no_change",,
"DCOIR Cleanup Scaffold Registry","tblvtcId7PiFKvfKO","fldfAXpeTuN5M2QRS","status","singleSelect","0","0","0","0",,"no_change",,
"DCOIR Cleanup Scaffold Registry","tblvtcId7PiFKvfKO","flddBvbBqkOZeymHo","purpose","multilineText","0","0","0","0",,"no_change",,
"DCOIR Cleanup Scaffold Registry","tblvtcId7PiFKvfKO","fldypiTz3N1dBIfk9","created_surface","singleLineText","0","0","0","0",,"no_change",,
"DCOIR Cleanup Scaffold Registry","tblvtcId7PiFKvfKO","fldkqvHbdb30pCPJb","created_locator","singleLineText","0","0","0","0",,"no_change",,
"DCOIR Cleanup Scaffold Registry","tblvtcId7PiFKvfKO","flduyr5lvHAtwhrJd","final_disposition","singleSelect","0","0","0","0",,"no_change",,
"DCOIR Cleanup Scaffold Registry","tblvtcId7PiFKvfKO","fldLxQJcSQCwuw6O0","review_after","date","0","0","0","0",,"no_change",,
"DCOIR Cleanup Scaffold Registry","tblvtcId7PiFKvfKO","fldkYJX6QGOrpPR7K","notes","multilineText","0","0","0","0",,"no_change",,
"DCOIR Cleanup WBS","tblRxTmpW0VunQlUK","fldxysOTwPhA0fk9b","wbs_key","singleLineText","73","0","73","0",,"no_change",,
"DCOIR Cleanup WBS","tblRxTmpW0VunQlUK","fldKoseZ9P1hPUzgh","plan_key","singleLineText","73","0","73","0",,"no_change",,
"DCOIR Cleanup WBS","tblRxTmpW0VunQlUK","fldUcO6yamUW9Yr0R","wbs_path","singleLineText","73","0","73","0",,"no_change",,
"DCOIR Cleanup WBS","tblRxTmpW0VunQlUK","fldxbbxdH7Mdishkr","parent_wbs_key","singleLineText","73","14","59","0.1918",,"no_change",,
"DCOIR Cleanup WBS","tblRxTmpW0VunQlUK","fldykxehl6sMTigk4","rank","number","73","0","73","0",,"no_change",,
"DCOIR Cleanup WBS","tblRxTmpW0VunQlUK","fldjutcnESO7o1XQv","title","singleLineText","73","0","73","0",,"no_change",,
"DCOIR Cleanup WBS","tblRxTmpW0VunQlUK","fldf9wxS1NQ4zETgi","level","singleSelect","73","0","73","0",,"no_change",,
"DCOIR Cleanup WBS","tblRxTmpW0VunQlUK","fldLu2C5uWd7yYEb4","surface","singleSelect","73","0","73","0",,"no_change",,
"DCOIR Cleanup WBS","tblRxTmpW0VunQlUK","fld627GL9W2hnoDa5","state","singleSelect","73","0","73","0",,"no_change",,
"DCOIR Cleanup WBS","tblRxTmpW0VunQlUK","fldW9aLKqVnENDY4Q","gate","singleSelect","73","0","73","0",,"no_change",,
"DCOIR Cleanup WBS","tblRxTmpW0VunQlUK","fldXVwq1qFrDeK4eO","target","singleLineText","73","0","73","0",,"no_change",,
"DCOIR Cleanup WBS","tblRxTmpW0VunQlUK","fldkRdSblu5KLeqch","done_criteria","multilineText","73","0","73","0",,"no_change",,
"DCOIR Cleanup WBS","tblRxTmpW0VunQlUK","fldBWgf90H3Ja8kQU","validation_notes","multilineText","73","0","73","0",,"no_change",,
"DCOIR Cleanup WBS","tblRxTmpW0VunQlUK","fld3IwH6VYmFqnywU","context","multilineText","73","0","73","0",,"no_change",,
"DCOIR Cleanup WBS","tblRxTmpW0VunQlUK","flds2ogisonqEFdwd","review_after","date","73","72","1","0.9863",,"no_change",,
"DCOIR Cleanup WBS","tblRxTmpW0VunQlUK","fldNRKXl6S4DtQYl9","display_label","formula","73","0","73","0",,"no_change",,
"DCOIR Cleanup WBS","tblRxTmpW0VunQlUK","fldBlzFZdvzMsovDJ","search_text","formula","73","0","73","0",,"no_change",,
"DCOIR Lifecycle Ledger","tblNsjkGUUIdRpHuE","fldan2IfSl6NUJbre","event_key","singleLineText","35","0","35","0",,"no_change",,
"DCOIR Lifecycle Ledger","tblNsjkGUUIdRpHuE","fld3eMKRitqiB7UCI","source_table","singleLineText","35","0","35","0",,"no_change",,
"DCOIR Lifecycle Ledger","tblNsjkGUUIdRpHuE","fldYjWKeshXjIhk01","source_record_id","singleLineText","35","11","24","0.3143",,"no_change",,
"DCOIR Lifecycle Ledger","tblNsjkGUUIdRpHuE","fldzHtFYirKcF1VC9","source_primary_key","singleLineText","35","0","35","0",,"no_change",,
"DCOIR Lifecycle Ledger","tblNsjkGUUIdRpHuE","fld1HWFI97H1M1ljH","event_at","dateTime","35","0","35","0",,"no_change",,
"DCOIR Lifecycle Ledger","tblNsjkGUUIdRpHuE","fld6eqmAUYcckufGW","event_title","singleLineText","35","0","35","0",,"no_change",,
"DCOIR Lifecycle Ledger","tblNsjkGUUIdRpHuE","fldCWFMJfTQpVKfRz","event_summary","multilineText","35","0","35","0",,"no_change",,
"DCOIR Lifecycle Ledger","tblNsjkGUUIdRpHuE","fldX6hpz9jSW5E0yo","payload_json","multilineText","35","12","23","0.3429",,"no_change",,
"DCOIR Lifecycle Ledger","tblNsjkGUUIdRpHuE","fldTdi6UQmIUJkXDE","created_at","dateTime","35","0","35","0",,"no_change",,
"DCOIR Lifecycle Ledger","tblNsjkGUUIdRpHuE","fldmjyUUvmuhdjVqt","lifecycle_object_type","singleSelect","35","0","35","0",,"no_change",,
"DCOIR Lifecycle Ledger","tblNsjkGUUIdRpHuE","fldi4yVheKgg8xwNa","lifecycle_stage","singleSelect","35","0","35","0",,"no_change",,
"DCOIR Lifecycle Ledger","tblNsjkGUUIdRpHuE","fldIFohnL2jBl20U6","migration_status","singleSelect","35","0","35","0",,"no_change",,
"DCOIR Lifecycle Ledger","tblNsjkGUUIdRpHuE","fldfrl84PTHLzqFub","retention_class","singleSelect","35","0","35","0",,"no_change",,
"Gemini Research Reference","tblfZnARJxcMJ0yHW","fldGLs65ATp15iGfO","finding_key","singleLineText","76","0","76","0",,"no_change",,
"Gemini Research Reference","tblfZnARJxcMJ0yHW","fldH0t18dHVNkfTrA","legacy_research_batch_review","singleLineText","76","0","76","0",,"no_change",,
"Gemini Research Reference","tblfZnARJxcMJ0yHW","fld8nTNL99aiCMSyq","finding_summary","multilineText","76","0","76","0",,"no_change",,
"Gemini Research Reference","tblfZnARJxcMJ0yHW","fldPon259A7P8IZar","consult_when","multilineText","76","0","76","0",,"no_change",,
"Gemini Research Reference","tblfZnARJxcMJ0yHW","fldceAbvUbG42Qo9K","design_impact","multilineText","76","0","76","0",,"no_change",,
"Gemini Research Reference","tblfZnARJxcMJ0yHW","fldqIFVWdW5stmfUZ","source_basis","multilineText","76","0","76","0",,"no_change",,
"Gemini Research Reference","tblfZnARJxcMJ0yHW","fld1BQvq7DG5o9iUR","active","checkbox","76","0","76","0",,"no_change",,
"Gemini Research Reference","tblfZnARJxcMJ0yHW","fldfhiYkFhZWadt03","created_at","dateTime","76","0","76","0",,"no_change",,
"Gemini Research Reference","tblfZnARJxcMJ0yHW","fldibxaCxGKp8KcH8","updated_at","dateTime","76","0","76","0",,"no_change",,
"Gemini Research Reference","tblfZnARJxcMJ0yHW","fldE1mYfn4SPMvwz0","review_after","date","76","0","76","0",,"no_change",,
"Gemini Research Reference","tblfZnARJxcMJ0yHW","fldh60UrFOdx2Yxif","topic","singleSelect","76","4","72","0.0526",,"no_change",,
"Gemini Research Reference","tblfZnARJxcMJ0yHW","fldFlFkbBzoPxDsHb","surface_layers","multipleSelects","76","4","72","0.0526",,"no_change",,
"Gemini Research Reference","tblfZnARJxcMJ0yHW","fldM1YyGfuDsqNKLm","evidence_class","singleSelect","76","4","72","0.0526",,"no_change",,
"Gemini Research Reference","tblfZnARJxcMJ0yHW","fldBEZ6Yf0QgfSGCI","dcoir_gemini_lanes","multipleSelects","76","4","72","0.0526",,"no_change",,
"Gemini Research Reference","tblfZnARJxcMJ0yHW","fldtJXiABITIQ7ERY","retention_class","singleSelect","76","0","76","0",,"no_change",,
"Gemini Research Reference","tblfZnARJxcMJ0yHW","fld76GQAQ03B1sQW8","research_batch_select","singleSelect","76","0","76","0",,"no_change",,
"GitHub Workflow Inventory","tblHTf5bLKGK1Yk11","fldZz29bykYFsFzbl","workflow_key","singleLineText","24","0","24","0",,"no_change",,
"GitHub Workflow Inventory","tblHTf5bLKGK1Yk11","fldtAGFwU8MfEzfNI","workflow_file_stem","singleLineText","24","0","24","0",,"no_change",,
"GitHub Workflow Inventory","tblHTf5bLKGK1Yk11","fldIgvJQIXXc2f22j","workflow_name","singleLineText","24","0","24","0",,"no_change",,
"GitHub Workflow Inventory","tblHTf5bLKGK1Yk11","fldA6O7FlW9tUEFW5","repo_path","singleLineText","24","0","24","0",,"no_change",,
"GitHub Workflow Inventory","tblHTf5bLKGK1Yk11","flddMiMhIe5Eg4FqZ","workflow_family","singleSelect","24","0","24","0",,"no_change",,
"GitHub Workflow Inventory","tblHTf5bLKGK1Yk11","flder86QaKiBMy0Yg","status","singleSelect","24","0","24","0",,"no_change",,
"GitHub Workflow Inventory","tblHTf5bLKGK1Yk11","fld2RN9svVJSSOLsv","trigger_family","singleSelect","24","0","24","0",,"no_change",,
"GitHub Workflow Inventory","tblHTf5bLKGK1Yk11","fldr293ymxflSjihZ","routing_owner_skill","singleSelect","24","0","24","0",,"no_change",,
"GitHub Workflow Inventory","tblHTf5bLKGK1Yk11","fldeUhR746eIPzqHM","active","checkbox","24","0","24","0",,"no_change",,
"GitHub Workflow Inventory","tblHTf5bLKGK1Yk11","fldzzEs07tV97F4Mb","use_when","multilineText","24","0","24","0",,"no_change",,
"GitHub Workflow Inventory","tblHTf5bLKGK1Yk11","fldNGAE9cbd9YSYzz","avoid_when","multilineText","24","0","24","0",,"no_change",,
"GitHub Workflow Inventory","tblHTf5bLKGK1Yk11","fldcHZ83PpVZ3CH3x","dispatch_inputs_summary","multilineText","24","0","24","0",,"no_change",,
"GitHub Workflow Inventory","tblHTf5bLKGK1Yk11","flddbLErdH4zmhVoq","trigger_summary","multilineText","24","0","24","0",,"no_change",,
"GitHub Workflow Inventory","tblHTf5bLKGK1Yk11","fldWNrJxYDysrEvAP","runtime_dependencies","multilineText","24","0","24","0",,"no_change",,
"GitHub Workflow Inventory","tblHTf5bLKGK1Yk11","fldyltqpE8yeCz5sX","readback_summary","multilineText","24","0","24","0",,"no_change",,
"GitHub Workflow Inventory","tblHTf5bLKGK1Yk11","fldFAQAmx5EiUdOAQ","safety_notes","multilineText","24","0","24","0",,"no_change",,
"GitHub Workflow Inventory","tblHTf5bLKGK1Yk11","fldnGuhX7a0PUSRWc","maintenance_notes","multilineText","24","0","24","0",,"no_change",,
"GitHub Workflow Inventory","tblHTf5bLKGK1Yk11","fldo3dDxCj99CX9cT","cache_scope","singleSelect","24","0","24","0",,"no_change",,
"GitHub Workflow Inventory","tblHTf5bLKGK1Yk11","fldN6NFgv7HUCROH0","retention_class","singleSelect","24","0","24","0",,"no_change",,
"GitHub Workflow Inventory","tblHTf5bLKGK1Yk11","fldxcTxDPU87CjhCI","source_snapshot","singleLineText","24","0","24","0",,"no_change",,
"GitHub Workflow Inventory","tblHTf5bLKGK1Yk11","fld01gNq1B7F12kdh","created_at","dateTime","24","0","24","0",,"no_change",,
"GitHub Workflow Inventory","tblHTf5bLKGK1Yk11","fldZLqo3NADSTBSeI","updated_at","dateTime","24","0","24","0",,"no_change",,
"GitHub Workflow Inventory","tblHTf5bLKGK1Yk11","fldhfcwoRfNHkL1ya","legacy_review_after_date_review","date","24","24","0","1",,"no_change",,
"GitHub Workflow Inventory","tblHTf5bLKGK1Yk11","fldpCWeBP7ZEstDnm","workflow_seq_auto","autoNumber","24","0","24","0",,"no_change",,
"GitHub Workflow Inventory","tblHTf5bLKGK1Yk11","fldMKLP7OraKLpuC4","workflow_key_native","formula","24","0","24","0",,"no_change",,
"GitHub Workflow Inventory","tblHTf5bLKGK1Yk11","fldZ3VbrmXoyD616A","display_label","formula","24","0","24","0",,"no_change",,
"GitHub Workflow Inventory","tblHTf5bLKGK1Yk11","fldjIJZE5k5m95Jug","search_text","formula","24","0","24","0",,"no_change",,
"Governance Control Plane","tblDfSl29psxRnes1","fldQhD5Vd3e85yFbX","control_key","singleLineText","1","0","1","0",,"no_change",,
"Governance Control Plane","tblDfSl29psxRnes1","fldaFox5zRxkvWPyJ","workspace_model","singleLineText","1","0","1","0",,"no_change",,
"Governance Control Plane","tblDfSl29psxRnes1","fldjYqVrXghZjwS5P","authority_order","singleLineText","1","0","1","0",,"no_change",,
"Governance Control Plane","tblDfSl29psxRnes1","fldLdEs3aHXu2NNMT","startup_chain","multilineText","1","0","1","0",,"no_change",,
"Governance Control Plane","tblDfSl29psxRnes1","fldRk2eHMppnDB4SV","live_queue_authority","checkbox","1","0","1","0",,"no_change",,
"Governance Control Plane","tblDfSl29psxRnes1","fldoXEqxa7iGIVJBM","repo_role_definition","multilineText","1","0","1","0",,"no_change",,
"Governance Control Plane","tblDfSl29psxRnes1","fldKQR9N2GJoE0K5O","retained_repo_surfaces","multilineText","1","0","1","0",,"no_change",,
"Governance Control Plane","tblDfSl29psxRnes1","fldKuMS6GRkwO4JVP","project_attachment_set","multilineText","1","0","1","0",,"no_change",,
"Governance Control Plane","tblDfSl29psxRnes1","fldgvNVrcuzz15G2K","last_confirmed_text","singleLineText","1","0","1","0",,"no_change",,
"Governance Control Plane","tblDfSl29psxRnes1","fldQY0mU3gCwbH1Kz","created_at","dateTime","1","0","1","0",,"no_change",,
"Governance Control Plane","tblDfSl29psxRnes1","fldifX7PSJntG1BzN","updated_at","dateTime","1","0","1","0",,"no_change",,
"Governance Control Plane","tblDfSl29psxRnes1","fld1xDqO9JORIhus0","review_after","date","1","0","1","0",,"no_change",,
"Governance Control Plane","tblDfSl29psxRnes1","fldtR5RIhapElNHkL","status","singleSelect","1","0","1","0",,"no_change",,
"Governance Control Plane","tblDfSl29psxRnes1","fldNUBsJEAEIjydC9","retention_class","singleSelect","1","0","1","0",,"no_change",,
"Idea Inbox","tblWwBxwrjZF6JR3r","fldw9aHrMeikj4hfl","idea_id","singleLineText","9","0","9","0",,"no_change",,
"Idea Inbox","tblWwBxwrjZF6JR3r","fldpk5jwntA5NbP2o","session_id","singleLineText","9","3","6","0.3333",,"no_change",,
"Idea Inbox","tblWwBxwrjZF6JR3r","fldBoCtxFV4h7pEuk","idea_title","singleLineText","9","0","9","0",,"no_change",,
"Idea Inbox","tblWwBxwrjZF6JR3r","fldzzj6i4nkc71XGk","idea_detail","multilineText","9","0","9","0",,"no_change",,
"Idea Inbox","tblWwBxwrjZF6JR3r","fldE3T2c2G49Klwkj","why_it_matters","multilineText","9","0","9","0",,"no_change",,
"Idea Inbox","tblWwBxwrjZF6JR3r","fld3NZy5ie7LqkQjl","suggested_promotion_target","singleLineText","9","1","8","0.1111",,"no_change",,
"Idea Inbox","tblWwBxwrjZF6JR3r","fldKuWN9I5bFA0BEg","notes","multilineText","9","0","9","0",,"no_change",,
"Idea Inbox","tblWwBxwrjZF6JR3r","fldyhuC1RXb6TQBu3","github_promotion_completed","checkbox","9","9","0","1",,"no_change",,
"Idea Inbox","tblWwBxwrjZF6JR3r","fldXRAz2DLHzOQmK2","legacy_source_checkpoint_id_review","singleLineText","9","9","0","1",,"no_change",,
"Idea Inbox","tblWwBxwrjZF6JR3r","fldpo06Fc9RlbOSsE","created_at","dateTime","9","6","3","0.6667",,"no_change",,
"Idea Inbox","tblWwBxwrjZF6JR3r","fldgJDxvK2TNoBPek","updated_at","dateTime","9","6","3","0.6667",,"no_change",,
"Idea Inbox","tblWwBxwrjZF6JR3r","fldNf0eW4kjZKYQHM","review_after","date","9","4","5","0.4444",,"no_change",,
"Idea Inbox","tblWwBxwrjZF6JR3r","fldAr98ivbOfxmphP","captured_at","dateTime","9","3","6","0.3333",,"no_change",,
"Idea Inbox","tblWwBxwrjZF6JR3r","fldHoHTIXhA0SBMgP","related_area","singleSelect","9","2","7","0.2222",,"no_change",,
"Idea Inbox","tblWwBxwrjZF6JR3r","fldghObs99ambfB4k","status","singleSelect","9","0","9","0",,"no_change",,
"Idea Inbox","tblWwBxwrjZF6JR3r","fldwZA7gM6qRYWhOg","retention_class","singleSelect","9","0","9","0",,"no_change",,
"Local Configuration Registry","tblcJxCoYGpEda0FM","fldgvebuhkPWN63dP","config_name","singleLineText","9","0","9","0",,"no_change",,
"Local Configuration Registry","tblcJxCoYGpEda0FM","fldRlfxBfqpwPwXMy","purpose","multilineText","9","0","9","0",,"no_change",,
"Local Configuration Registry","tblcJxCoYGpEda0FM","fldTaIJPM34ETSMhO","reference_powershell","singleLineText","9","0","9","0",,"no_change",,
"Local Configuration Registry","tblcJxCoYGpEda0FM","fldBe6nhMuCoP4LU9","sensitive_value","checkbox","9","4","5","0.4444",,"no_change",,
"Local Configuration Registry","tblcJxCoYGpEda0FM","fldu0ZYs5wTbSPG9T","safe_to_display","checkbox","9","5","4","0.5556",,"no_change",,
"Local Configuration Registry","tblcJxCoYGpEda0FM","fld2j1MuM5R4PSIAU","confirmed_present","checkbox","9","0","9","0",,"no_change",,
"Local Configuration Registry","tblcJxCoYGpEda0FM","fld9Me3HQ0WBhtCRy","config_kind","singleSelect","9","0","9","0",,"no_change",,
"Local Configuration Registry","tblcJxCoYGpEda0FM","fldfpNwx3rC2wPB8R","status","singleSelect","9","0","9","0",,"no_change",,
"Local Configuration Registry","tblcJxCoYGpEda0FM","fldr3eoZdPQur0CyH","last_confirmed_at","dateTime","9","0","9","0",,"no_change",,
"Local Configuration Registry","tblcJxCoYGpEda0FM","fldtMxURvbC15vj0I","notes","multilineText","9","0","9","0",,"no_change",,
"Local Configuration Registry","tblcJxCoYGpEda0FM","fldhHZWvARzcA29Pl","reference_cmd","singleLineText","9","0","9","0",,"no_change",,
"Local Configuration Registry","tblcJxCoYGpEda0FM","fldoK49SNnwmhk0Sr","reference_wsl_bash","singleLineText","9","0","9","0",,"no_change",,
"Local Configuration Registry","tblcJxCoYGpEda0FM","fld63L4Y25hjaZTjL","reference_python","singleLineText","9","0","9","0",,"no_change",,
"Local Configuration Registry","tblcJxCoYGpEda0FM","fldlpKq9sJAX6R2ZE","reference_additional_runtimes_json","multilineText","9","2","7","0.2222",,"no_change",,
"Operator Preferences","tblnxZ3eLPT3W38wl","fld98q4UIZsPdPN7s","preference_key","singleLineText","88","0","88","0",,"no_change",,
"Operator Preferences","tblnxZ3eLPT3W38wl","fldPJYR8l2121YWnU","preference_statement","multilineText","88","0","88","0",,"no_change",,
"Operator Preferences","tblnxZ3eLPT3W38wl","fldrn5iy2nP2Cl4O8","effective_behavior","multilineText","88","4","84","0.0455",,"no_change",,
"Operator Preferences","tblnxZ3eLPT3W38wl","fld7Rft4ETD9YEhWd","source_session_id","singleLineText","88","37","51","0.4205",,"no_change",,
"Operator Preferences","tblnxZ3eLPT3W38wl","fldfczItHTqUBD8Uz","source_checkpoint_id","singleLineText","88","78","10","0.8864",,"no_change",,
"Operator Preferences","tblnxZ3eLPT3W38wl","fldM4hPeocI2HBD7B","source_idea_id","singleLineText","88","86","2","0.9773",,"no_change",,
"Operator Preferences","tblnxZ3eLPT3W38wl","fldUfJqMMZgXsQHEA","last_confirmed_text","singleLineText","88","2","86","0.0227",,"no_change",,
"Operator Preferences","tblnxZ3eLPT3W38wl","fldNyvY56RV3t2rZg","notes","multilineText","88","1","87","0.0114",,"no_change",,
"Operator Preferences","tblnxZ3eLPT3W38wl","flduNdYW7z4hgyuNl","created_at","dateTime","88","28","60","0.3182",,"no_change",,
"Operator Preferences","tblnxZ3eLPT3W38wl","fldIVBjuvRHaRzDqL","updated_at","dateTime","88","22","66","0.25",,"no_change",,
"Operator Preferences","tblnxZ3eLPT3W38wl","fldS4T6aYkTENvulz","review_after","date","88","12","76","0.1364",,"no_change",,
"Operator Preferences","tblnxZ3eLPT3W38wl","fldkFCZZlgt4hV2xR","curation_reason","multilineText","88","86","2","0.9773",,"no_change",,
"Operator Preferences","tblnxZ3eLPT3W38wl","fld6iiOZDc1wcZPzc","curated_at","dateTime","88","86","2","0.9773",,"no_change",,
"Operator Preferences","tblnxZ3eLPT3W38wl","fld3GxPPZx9t0LwR1","status","singleSelect","88","0","88","0",,"no_change",,
"Operator Preferences","tblnxZ3eLPT3W38wl","fldcEvgLB2voXRa1K","scope","singleSelect","88","0","88","0",,"no_change",,
"Operator Preferences","tblnxZ3eLPT3W38wl","fldXlU3Or0pyldt6n","retention_class","singleSelect","88","0","88","0",,"no_change",,
"Operator Preferences","tblnxZ3eLPT3W38wl","fldl00PpLV23gcxfJ","curation_decision","singleSelect","88","64","24","0.7273",,"no_change",,
"Operator Tools Registry","tblF1SCJBHRFUhpzi","fld4eAc1IEWYtOJpO","tool_id","singleLineText","29","0","29","0",,"no_change",,
"Operator Tools Registry","tblF1SCJBHRFUhpzi","fldcf2EIjZGqaLTcb","tool_name","singleLineText","29","0","29","0",,"no_change",,
"Operator Tools Registry","tblF1SCJBHRFUhpzi","fldXiTxXPVOHnc3N3","tool_family","singleSelect","29","0","29","0",,"no_change",,
"Operator Tools Registry","tblF1SCJBHRFUhpzi","fldjkzxBAty8ueGuI","repo_path","singleLineText","29","0","29","0",,"no_change",,
"Operator Tools Registry","tblF1SCJBHRFUhpzi","fldRyccDc3UOBrKKR","trigger_conditions","multilineText","29","1","28","0.0345",,"no_change",,
"Operator Tools Registry","tblF1SCJBHRFUhpzi","fldTq4aJ6AoIFqJUo","input_contract","multilineText","29","1","28","0.0345",,"no_change",,
"Operator Tools Registry","tblF1SCJBHRFUhpzi","fldjo5ToZNd2xbPz2","output_contract","multilineText","29","1","28","0.0345",,"no_change",,
"Operator Tools Registry","tblF1SCJBHRFUhpzi","fldZJMzV36nMy81kl","safety_preconditions","multilineText","29","1","28","0.0345",,"no_change",,
"Operator Tools Registry","tblF1SCJBHRFUhpzi","fldeoMJdznlVHdSdx","launcher_command","multilineText","29","1","28","0.0345",,"no_change",,
"Operator Tools Registry","tblF1SCJBHRFUhpzi","fldrAntwrkqI3gzWF","status","singleSelect","29","0","29","0",,"no_change",,
"Operator Tools Registry","tblF1SCJBHRFUhpzi","fldxx6kWXejTnqv9t","version_or_hash","singleLineText","29","1","28","0.0345",,"no_change",,
"Operator Tools Registry","tblF1SCJBHRFUhpzi","fldkY92DvuarDvIxq","last_validated_at","dateTime","29","7","22","0.2414",,"no_change",,
"Operator Tools Registry","tblF1SCJBHRFUhpzi","fldE1WGFFYzxSlHU1","notes","multilineText","29","0","29","0",,"no_change",,
"Operator Tools Registry","tblF1SCJBHRFUhpzi","fld9l7TFNXFZcWY97","active","checkbox","29","0","29","0",,"no_change",,
"Operator Tools Registry","tblF1SCJBHRFUhpzi","fld0FvxXYwKco9hwl","created_at","dateTime","29","0","29","0",,"no_change",,
"Operator Tools Registry","tblF1SCJBHRFUhpzi","fld3bZnCqS36T6aBA","updated_at","dateTime","29","0","29","0",,"no_change",,
"Operator Tools Registry","tblF1SCJBHRFUhpzi","fldg7aD6owbd4gr0P","review_after","date","29","8","21","0.2759",,"no_change",,
"Operator Tools Registry","tblF1SCJBHRFUhpzi","fld0zaaaSQs7eWiKE","retention_class","singleSelect","29","0","29","0",,"no_change",,
"Operator Tools Registry","tblF1SCJBHRFUhpzi","fldxyzoUqJ5RvKbvu","display_label","formula","29","0","29","0",,"no_change",,
"Operator Tools Registry","tblF1SCJBHRFUhpzi","fldNE78U8iUhbnxkn","search_text","formula","29","0","29","0",,"no_change",,
"Plans","tblBcp5FyMIfOm7Xe","fldQ9raZbwHRJF3jb","plan_id","singleLineText","2","0","2","0",,"no_change",,
"Plans","tblBcp5FyMIfOm7Xe","fldPFlhH4if1unY30","plan_title","singleLineText","2","0","2","0",,"no_change",,
"Plans","tblBcp5FyMIfOm7Xe","fldSqjWSLBN0sWFZz","active_task_id","singleLineText","2","0","2","0",,"no_change",,
"Plans","tblBcp5FyMIfOm7Xe","fldAZSPBZfjCynqEh","active_task_title","singleLineText","2","0","2","0",,"no_change",,
"Plans","tblBcp5FyMIfOm7Xe","fldFjketenKMXRDGC","scope_constraints","multilineText","2","0","2","0",,"no_change",,
"Plans","tblBcp5FyMIfOm7Xe","fld8JrZu7UyK7lQHZ","exact_resume_goal","multilineText","2","0","2","0",,"no_change",,
"Plans","tblBcp5FyMIfOm7Xe","fldryBHZ51nuZtspi","resume_detail","multilineText","2","0","2","0",,"no_change",,
"Plans","tblBcp5FyMIfOm7Xe","fldfAmMRY5qDOCR6c","why_current_task_matters","multilineText","2","1","1","0.5",,"no_change",,
"Plans","tblBcp5FyMIfOm7Xe","fldHWq73ganpn01am","carry_forward_note","multilineText","2","1","1","0.5",,"no_change",,
"Plans","tblBcp5FyMIfOm7Xe","fldLYnjrlPY6QfKNH","legacy_plan_buffer_marker_review","singleLineText","2","2","0","1",,"no_change",,
"Plans","tblBcp5FyMIfOm7Xe","fldyfFi5VTw9ffaPq","legacy_pending_plan_buffer_items_review","multilineText","2","2","0","1",,"no_change",,
"Plans","tblBcp5FyMIfOm7Xe","fld4QqRiSFLzEvKuD","legacy_promotion_candidates_review","multilineText","2","2","0","1",,"no_change",,
"Plans","tblBcp5FyMIfOm7Xe","fldzT3tVTcvhSWPNa","legacy_remain_local_notes_review","multilineText","2","2","0","1",,"no_change",,
"Plans","tblBcp5FyMIfOm7Xe","fldcMUhjqIAOeAc7r","next_recommended_action","multilineText","2","0","2","0",,"no_change",,
"Plans","tblBcp5FyMIfOm7Xe","fldZoUV6BFJyKuOhz","legacy_last_updated_text_review","singleLineText","2","0","2","0",,"no_change",,
"Plans","tblBcp5FyMIfOm7Xe","fldgEp3UCYDBfeXJN","Queue Control","multipleRecordLinks","2","1","1","0.5",,"no_change",,
"Plans","tblBcp5FyMIfOm7Xe","fldvsVffETaqyuB0H","legacy_active_plan_task_id_review","singleLineText","2","2","0","1",,"no_change",,
"Plans","tblBcp5FyMIfOm7Xe","fldwS46tOH9fTVQSO","legacy_created_at_review","dateTime","2","2","0","1",,"no_change",,
"Plans","tblBcp5FyMIfOm7Xe","fldP3pUOzZ8y7GoWr","updated_at","dateTime","2","1","1","0.5",,"no_change",,
"Plans","tblBcp5FyMIfOm7Xe","fldCC1FicmWE2pra2","legacy_review_after_date_review","date","2","2","0","1",,"no_change",,
"Plans","tblBcp5FyMIfOm7Xe","fldm1S4PPLrsFF9Kl","plan_state","singleSelect","2","0","2","0",,"no_change",,
"Plans","tblBcp5FyMIfOm7Xe","fldPXSLzjiMyyVwvW","retention_class","singleSelect","2","0","2","0",,"no_change",,
"Queue Control","tblf13aCslg6rJBah","fldFcVnCHlzrZYDw1","control_key","singleLineText","1","0","1","0",,"no_change",,
"Queue Control","tblf13aCslg6rJBah","fldojkyTnK28JD3ky","active_plans","multipleRecordLinks","1","0","1","0",,"no_change",,
"Queue Control","tblf13aCslg6rJBah","fld93kyr3N268jC2L","branch_summary","multilineText","1","0","1","0",,"no_change",,
"Queue Control","tblf13aCslg6rJBah","fld426HqFdGNRfe9w","branch_decision","multilineText","1","0","1","0",,"no_change",,
"Queue Control","tblf13aCslg6rJBah","fldXddel5ma8qt2y8","superseded_github_surfaces","multilineText","1","0","1","0",,"no_change",,
"Queue Control","tblf13aCslg6rJBah","fldwfYuyQqR9ipkip","resume_rule","multilineText","1","0","1","0",,"no_change",,
"Queue Control","tblf13aCslg6rJBah","fldivEi9YIHzqXRs3","next_revalidation_trigger","singleLineText","1","0","1","0",,"no_change",,
"Queue Control","tblf13aCslg6rJBah","fldTqHQAnOI8vaWXw","last_confirmed_text","singleLineText","1","0","1","0",,"no_change",,
"Queue Control","tblf13aCslg6rJBah","fldrAlBgrYCVFAERU","notes","multilineText","1","0","1","0",,"no_change",,
"Queue Control","tblf13aCslg6rJBah","fldMrQbdlGEvXK1r6","created_at","dateTime","1","0","1","0",,"no_change",,
"Queue Control","tblf13aCslg6rJBah","fldEAxgdBrGcPPBN6","updated_at","dateTime","1","0","1","0",,"no_change",,
"Queue Control","tblf13aCslg6rJBah","fldHRoyXTvw9lH97c","review_after","date","1","0","1","0",,"no_change",,
"Queue Control","tblf13aCslg6rJBah","fldcIeUiSJQrLLLIU","status","singleSelect","1","0","1","0",,"no_change",,
"Queue Control","tblf13aCslg6rJBah","fld8xcTo7kh5YGSxV","retention_class","singleSelect","1","0","1","0",,"no_change",,
"Queue Control","tblf13aCslg6rJBah","flduCIQ2sbGNZtLo5","display_label","formula","1","0","1","0",,"no_change",,
"Queue Control","tblf13aCslg6rJBah","fldu2Aaz3Gx1h557m","search_text","formula","1","0","1","0",,"no_change",,
"Repo Surface Registry","tblzBiXp7kwTXM0ru","fldE1hjOJ1eOZLH63","surface_key","singleLineText","73","0","73","0",,"no_change",,
"Repo Surface Registry","tblzBiXp7kwTXM0ru","fldU5YTbImSH6zWS2","locator","singleLineText","73","0","73","0",,"no_change",,
"Repo Surface Registry","tblzBiXp7kwTXM0ru","fldSr0DgSKklJ6vw2","role","multilineText","73","0","73","0",,"no_change",,
"Repo Surface Registry","tblzBiXp7kwTXM0ru","fldul8StVD1eEqjCW","replacement_surface","singleLineText","73","0","73","0",,"no_change",,
"Repo Surface Registry","tblzBiXp7kwTXM0ru","fld5Rty9QHMGhcU9T","notes","multilineText","73","0","73","0",,"no_change",,
"Repo Surface Registry","tblzBiXp7kwTXM0ru","fld3XSLf0FMeUfH42","created_at","dateTime","73","4","69","0.0548",,"no_change",,
"Repo Surface Registry","tblzBiXp7kwTXM0ru","fldCNmW0WGiUtR1dE","updated_at","dateTime","73","4","69","0.0548",,"no_change",,
"Repo Surface Registry","tblzBiXp7kwTXM0ru","fldISYgFQ2z1yfJHq","review_after","date","73","0","73","0",,"no_change",,
"Repo Surface Registry","tblzBiXp7kwTXM0ru","fldf9XZtW8mD80sYP","surface_type","singleSelect","73","1","72","0.0137",,"no_change",,
"Repo Surface Registry","tblzBiXp7kwTXM0ru","fldDapSojEOYFOtsW","authority_status","singleSelect","73","0","73","0",,"no_change",,
"Repo Surface Registry","tblzBiXp7kwTXM0ru","fldcKXlu9JyXcrRyr","retention_class","singleSelect","73","0","73","0",,"no_change",,
"Session Checkpoints","tblTe75HKZOJaPDGn","fld05CE02z75xTywV","checkpoint_id","singleLineText","93","0","93","0",,"no_change",,
"Session Checkpoints","tblTe75HKZOJaPDGn","fld63FgvRtBDYjHw1","session_id","singleLineText","93","24","69","0.2581",,"no_change",,
"Session Checkpoints","tblTe75HKZOJaPDGn","fldnl8krcTV95l0WT","state_summary","multilineText","93","1","92","0.0108",,"no_change",,
"Session Checkpoints","tblTe75HKZOJaPDGn","fldG1EIERtFLlUOCO","current_focus","multilineText","93","3","90","0.0323",,"no_change",,
"Session Checkpoints","tblTe75HKZOJaPDGn","fldrQ15ciUon2vwsn","open_threads","multilineText","93","25","68","0.2688",,"no_change",,
"Session Checkpoints","tblTe75HKZOJaPDGn","fldTvgQefF53td8gE","captured_ideas_summary","multilineText","93","72","21","0.7742",,"no_change",,
"Session Checkpoints","tblTe75HKZOJaPDGn","fldeR0OJNC1tb2xxC","decisions_constraints","multilineText","93","26","67","0.2796",,"no_change",,
"Session Checkpoints","tblTe75HKZOJaPDGn","fldsYfEKNT8NyUQyQ","buffered_promotion_candidates","multilineText","93","62","31","0.6667",,"no_change",,
"Session Checkpoints","tblTe75HKZOJaPDGn","fldI86NLTExK50Paw","next_recommended_move","multilineText","93","0","93","0",,"no_change",,
"Session Checkpoints","tblTe75HKZOJaPDGn","fldsFIsntsdFcF2HK","local_state_hash","singleLineText","93","82","11","0.8817",,"no_change",,
"Session Checkpoints","tblTe75HKZOJaPDGn","fldCL16aBoQmpk7yg","resume_prompt","multilineText","93","9","84","0.0968",,"no_change",,
"Session Checkpoints","tblTe75HKZOJaPDGn","fldwzh5UZvQC6IGuv","created_at","dateTime","93","29","64","0.3118",,"no_change",,
"Session Checkpoints","tblTe75HKZOJaPDGn","fldAKs3Vd79AAZJ9Z","updated_at","dateTime","93","29","64","0.3118",,"no_change",,
"Session Checkpoints","tblTe75HKZOJaPDGn","fld3OBe8B1Wnm9RgT","review_after","date","93","29","64","0.3118",,"no_change",,
"Session Checkpoints","tblTe75HKZOJaPDGn","fldDmyw0j3EKlt5YF","checkpoint_at","dateTime","93","4","89","0.043",,"no_change",,
"Session Checkpoints","tblTe75HKZOJaPDGn","fldTaxKPaShTfMFog","trigger","singleSelect","93","34","59","0.3656",,"no_change",,
"Session Checkpoints","tblTe75HKZOJaPDGn","fldNkO3A4aCeR83ty","github_promotion_status","singleSelect","93","56","37","0.6022",,"no_change",,
"Session Checkpoints","tblTe75HKZOJaPDGn","flduf5QvQRtyMRfq4","checkpoint_status","singleSelect","93","0","93","0",,"no_change",,
"Session Checkpoints","tblTe75HKZOJaPDGn","fldb34YQQ976acIzJ","retention_class","singleSelect","93","0","93","0",,"no_change",,
"Session Checkpoints","tblTe75HKZOJaPDGn","fldIsZnsMfcyGoVxi","display_label","formula","93","0","93","0",,"no_change",,
"Session Checkpoints","tblTe75HKZOJaPDGn","fldYRLKYDmleKctlJ","search_text","formula","93","0","93","0",,"no_change",,
"Validation Evidence","tblrPFQH2uZEYBYE9","fldua3G9lRVdiIpEO","evidence_key","singleLineText","153","0","153","0",,"no_change",,
"Validation Evidence","tblrPFQH2uZEYBYE9","fld42VCNN0p0kbzVp","validation_case_key","singleLineText","153","20","133","0.1307",,"no_change",,
"Validation Evidence","tblrPFQH2uZEYBYE9","fldD5IQJtuwW2GKXH","work_item_key","singleLineText","153","0","153","0",,"no_change",,
"Validation Evidence","tblrPFQH2uZEYBYE9","fldOIWWUP1cPo9zEb","legacy_release_key_review","singleLineText","153","153","0","1",,"no_change",,
"Validation Evidence","tblrPFQH2uZEYBYE9","fld4TuQoJJOHSPOI8","repo_surface_key","singleLineText","153","65","88","0.4248",,"no_change",,
"Validation Evidence","tblrPFQH2uZEYBYE9","fld6PWvy2bMvqMpUt","evidence_summary","multilineText","153","0","153","0",,"no_change",,
"Validation Evidence","tblrPFQH2uZEYBYE9","flddBu10OfbDkTxfj","source_locator","singleLineText","153","0","153","0",,"no_change",,
"Validation Evidence","tblrPFQH2uZEYBYE9","fldFHNOi3cWcrR1y2","created_at","dateTime","153","34","119","0.2222",,"no_change",,
"Validation Evidence","tblrPFQH2uZEYBYE9","fldU5SlBXT3vlRRLI","updated_at","dateTime","153","34","119","0.2222",,"no_change",,
"Validation Evidence","tblrPFQH2uZEYBYE9","fldYY6npn1b8LuhBs","review_after","date","153","46","107","0.3007",,"no_change",,
"Validation Evidence","tblrPFQH2uZEYBYE9","fld9xUZL00MIzHqf8","retention_class","singleSelect","153","0","153","0",,"no_change",,
"Validation Evidence","tblrPFQH2uZEYBYE9","fldh0cLWnWvHgzC5f","result","singleSelect","153","0","153","0",,"no_change",,
"Validation Test Cases","tblRnMpQUomIGyFVL","fldiEjKIS6iQQDVhT","Test Case","singleLineText","66","0","66","0",,"no_change",,
"Validation Test Cases","tblRnMpQUomIGyFVL","fldJOzGgp3w2VVc3a","Test ID","singleLineText","66","0","66","0",,"no_change",,
"Validation Test Cases","tblRnMpQUomIGyFVL","fldIycsKX0InY6SRU","Feature or Behavior","singleLineText","66","0","66","0",,"no_change",,
"Validation Test Cases","tblRnMpQUomIGyFVL","fldHaAF9DB8yMsVVX","Command or Method","multilineText","66","0","66","0",,"no_change",,
"Validation Test Cases","tblRnMpQUomIGyFVL","fldtUMwrZtUBfyFwl","Pass Criteria","multilineText","66","0","66","0",,"no_change",,
"Validation Test Cases","tblRnMpQUomIGyFVL","fldETVNMBQSROEkh3","Fail Criteria","multilineText","66","8","58","0.1212",,"no_change",,
"Validation Test Cases","tblRnMpQUomIGyFVL","fldwJB0mjNkXZxEKk","Evidence / Notes","multilineText","66","6","60","0.0909",,"no_change",,
"Validation Test Cases","tblRnMpQUomIGyFVL","fldma0Ga4hPWDnLEO","Source Basis","multilineText","66","8","58","0.1212",,"no_change",,
"Validation Test Cases","tblRnMpQUomIGyFVL","fldgYCVZMOdKWJ8Rx","Active","checkbox","66","0","66","0",,"no_change",,
"Validation Test Cases","tblRnMpQUomIGyFVL","fldpYz6RJjMblJHP5","created_at","dateTime","66","4","62","0.0606",,"no_change",,
"Validation Test Cases","tblRnMpQUomIGyFVL","fldDkZN6q6vE6tYYz","updated_at","dateTime","66","3","63","0.0455",,"no_change",,
"Validation Test Cases","tblRnMpQUomIGyFVL","fldihghhBK4BpkYey","review_after","date","66","5","61","0.0758",,"no_change",,
"Validation Test Cases","tblRnMpQUomIGyFVL","fldVNr1JN0XJvjCEy","Area","singleSelect","66","9","57","0.1364",,"no_change",,
"Validation Test Cases","tblRnMpQUomIGyFVL","fldZFMEcWOdb8HMGj","Execution Lane","singleSelect","66","14","52","0.2121",,"no_change",,
"Validation Test Cases","tblRnMpQUomIGyFVL","fldYMhjoUfwxE1QUT","Observed Status","singleSelect","66","8","58","0.1212",,"no_change",,
"Validation Test Cases","tblRnMpQUomIGyFVL","fld278WxpDGF951QA","retention_class","singleSelect","66","0","66","0",,"no_change",,
"Work Items","tblgsQAVWvh8K7gIR","fld62VxHtbRTZhPdX","Work Item","singleLineText","80","0","80","0",,"no_change",,
"Work Items","tblgsQAVWvh8K7gIR","fldTneAArfh5yJOXi","Item ID","singleLineText","80","0","80","0",,"no_change",,
"Work Items","tblgsQAVWvh8K7gIR","fldZ922sf04D4WbvE","Repo Path or Skill","singleLineText","80","8","72","0.1",,"no_change",,
"Work Items","tblgsQAVWvh8K7gIR","fldZ966uvUvaZ77dS","Evidence / Notes","multilineText","80","1","79","0.0125",,"no_change",,
"Work Items","tblgsQAVWvh8K7gIR","fld3vWpcC6OfYEber","Queue Rank","number","80","28","52","0.35",,"no_change",,
"Work Items","tblgsQAVWvh8K7gIR","fld9Dw9YYk8DjOden","created_at","dateTime","80","13","67","0.1625",,"no_change",,
"Work Items","tblgsQAVWvh8K7gIR","fldD1rwuVsNketueT","updated_at","dateTime","80","7","73","0.0875",,"no_change",,
"Work Items","tblgsQAVWvh8K7gIR","fldbZhaIrAX2cbHrE","canonical_parent_plan_id","singleLineText","80","73","7","0.9125",,"no_change",,
"Work Items","tblgsQAVWvh8K7gIR","fldd0urjdszMBR1LU","Area","singleSelect","80","75","5","0.9375",,"no_change",,
"Work Items","tblgsQAVWvh8K7gIR","fldGa1GseWf6ro78L","Work Type","singleSelect","80","75","5","0.9375",,"no_change",,
"Work Items","tblgsQAVWvh8K7gIR","fldvGbvwTx84mxtwO","Status","singleSelect","80","0","80","0",,"no_change",,
"Work Items","tblgsQAVWvh8K7gIR","fld4XJowALSopxpnV","Priority","singleSelect","80","10","70","0.125",,"no_change",,
"Work Items","tblgsQAVWvh8K7gIR","fldQ5YKb9EuM8nqph","Authority Scope","singleSelect","80","46","34","0.575",,"no_change",,
"Work Items","tblgsQAVWvh8K7gIR","fldATbftmJ4UQ8Flk","GitHub Promotion Need","singleSelect","80","48","32","0.6",,"no_change",,
"Work Items","tblgsQAVWvh8K7gIR","fldX9vydvQqreL4cF","retention_class","singleSelect","80","0","80","0",,"no_change",,
"Work Items","tblgsQAVWvh8K7gIR","fldwGVzEqnvgqzsT1","display_label","formula","80","0","80","0",,"no_change",,
"Work Items","tblgsQAVWvh8K7gIR","fldTYwdv6tCZypXk5","search_text","formula","80","0","80","0",,"no_change",,
